car,1395
nan,1315
get,737
bmw,709
like,702
one,611
would,584
audi,536
think,526
go,489
well,456
new,445
drive,437
year,421
look,411
make,405
good,400
dont,390
im,336
time,329
dealer,328
even,327
price,318
much,316
know,301
acura,288
really,288
want,270
still,266
see,260
take,259
use,257
buy,250
seem,244
people,244
engine,233
say,232
thing,230
could,230
honda,227
also,225
model,217
come,217
lease,207
mile,207
3,206
many,201
sport,198
back,194
way,193
give,177
need,176
volkswagen,173
big,170
s4,169
nice,168
old,166
right,165
tchrysler,165
change,165
ive,162
lot,162
issue,157
test,156
brand,156
thats,156
find,154
doesnt,153
great,152
since,150
sure,149
first,149
never,146
low,141
day,140
tire,139
high,138
sell,137
long,137
probably,137
least,136
option,136
base,134
service,133
something,131
last,131
cost,131
awd,130
performance,127
may,127
luxury,126
agree,126
toyotad,126
maybe,125
vehicle,125
id,125
start,124
point,124
interior,123
u,123
work,122
money,122
less,121
around,121
guess,121
might,120
cant,120
seat,120
sedan,119
feel,118
didnt,118
oil,117
pay,117
always,114
package,114
level,113
problem,113
infiniti,112
pretty,112
series,112
keep,111
month,111
2,110
hyundai,110
5,110
actually,110
though,109
part,109
standard,107
different,106
cadillac,105
bit,105
power,105
far,103
4,103
deal,102
current,102
tl,102
two,102
every,102
sale,100
hp,100
ford,100
mean,98
reason,98
yes,97
order,96
small,96
toyota,95
love,95
put,95
course,95
tell,95
number,93
best,92
next,92
couple,91
today,91
sound,88
wife,88
transmission,87
close,87
another,87
road,87
isnt,87
mark,86
call,86
warranty,86
suspension,86
add,86
interest,85
consider,85
offer,83
market,82
build,81
end,81
premium,80
wheel,80
real,80
volvo,80
msrp,80
however,79
run,79
dealership,79
either,78
cheap,77
enough,77
ago,77
read,77
track,77
quite,77
try,77
yet,76
mpg,75
experience,75
class,75
talk,75
manual,75
almost,73
let,73
v6,72
company,72
ct,71
bad,71
post,71
top,71
turbo,70
value,70
20,70
rwd,69
true,69
speed,68
little,68
mazda,68
etc,68
include,67
move,67
line,67
happen,67
rear,66
difference,65
guy,65
kia,65
buyer,65
without,64
anything,64
second,64
lexus,64
perhaps,64
system,64
subaru,63
german,63
saw,63
size,63
customer,63
chevrolet,62
torque,62
mileage,62
black,61
show,61
nothing,61
driver,61
10,60
feature,60
mb,60
others,60
ever,60
hard,59
plus,59
check,59
1,59
away,59
rather,58
ill,58
gm,58
wasnt,58
week,58
color,58
leather,58
name,58
fun,58
extra,58
ltoyota,58
6,57
leave,57
tune,57
choice,57
compare,57
gas,57
replace,57
fact,57
do,56
available,56
expensive,56
especially,56
entry,56
version,55
mention,55
kind,55
diesel,55
brake,55
review,55
caddy,55
ellps,55
audis,55
similar,54
cpo,54
ask,53
wouldnt,53
certainly,53
side,53
payment,53
auto,53
turn,53
own,52
case,52
article,52
average,52
mercedes,51
live,51
handle,51
believe,51
youre,51
per,51
fast,50
wont,50
motor,50
30,50
remember,50
reliability,50
snow,49
gt,49
upgrade,49
local,49
trip,48
someone,48
320i,48
shop,48
late,48
owner,48
stock,48
exactly,48
set,48
wonder,47
large,47
steer,47
front,47
hit,47
arent,47
havent,47
already,46
audi0,46
tech,46
fwd,46
place,46
question,46
cyl,46
care,46
else,45
dodge,45
term,45
quality,45
purchase,45
everything,45
maintenance,45
wait,45
stuff,45
mind,45
coupe,45
yeah,45
mine,45
several,44
due,44
speak,44
hear,44
s3,44
enjoy,44
often,44
stinger,44
state,44
free,44
manufacturer,43
style,43
discount,43
europe,43
product,43
ride,43
lincoln,43
rick,42
charge,42
longer,42
allow,42
sense,42
assume,42
320,42
c,42
limit,41
v,41
50,41
head,41
light,41
loaner,41
world,41
short,41
save,41
wrong,41
three,41
life,41
’,41
spend,41
highway,40
fix,40
stick,40
previous,40
early,40
anyone,40
worth,39
comparison,39
example,39
ok,39
although,39
grand,39
forum,39
simply,39
easy,39
usually,39
write,39
stop,39
report,39
home,39
repair,39
recently,39
summer,38
lose,38
50k,38
understand,38
hope,38
decide,38
friend,38
oh,38
regard,38
push,38
past,38
buick,37
amount,37
unless,37
sit,37
trade,37
drop,37
help,37
figure,37
share,37
pick,36
badge,36
fine,36
son,36
load,36
sometimes,36
expect,36
become,36
mercedesbenz,36
matter,36
2016,35
40,35
interesting,35
must,35
bring,35
fit,35
cut,35
later,35
follow,35
factor,35
plan,35
g,35
completely,35
thanks,34
category,34
r,34
miss,34
area,34
word,34
likely,34
2015,34
comment,34
at,34
2013,34
fuel,34
within,34
18,33
reliable,33
store,33
bmws,33
able,33
prefer,33
20t,32
notice,32
weight,32
whatever,32
improve,32
fan,32
happy,32
idea,32
rate,32
pull,32
truck,32
90,31
2014,31
winter,31
cla,31
hand,31
wish,31
cool,31
major,31
blue,31
decent,31
white,31
thought,31
american,31
60,30
board,30
play,30
increase,30
break,30
dsg,30
imho,30
quick,30
couldnt,30
ms3,30
equipment,30
epa,30
cash,30
control,30
hold,30
suppose,30
driven,30
hondaing,30
possible,30
stay,30
faster,29
stand,29
wagon,29
recall,29
doubt,29
european,29
camera,29
correct,29
rental,29
magazine,29
theyre,29
lack,29
overall,29
shift,29
060,29
range,29
wow,29
7,28
gear,28
weekend,28
type,28
person,28
choose,28
cd,28
328,28
certain,28
special,28
near,28
basically,28
definitely,28
drove,28
imagine,28
wear,28
important,28
whole,28
sticker,28
rent,28
french,28
answer,27
please,27
fully,27
folk,27
everyone,27
door,27
chance,27
incentive,27
emission,27
along,27
jag,27
q,27
night,26
8,26
claim,26
perfect,26
finally,26
minute,26
80,26
nissan,26
room,26
require,26
trim,26
felt,26
family,26
30k,26
bet,26
x3,26
depend,26
count,26
15,26
event,26
half,25
huge,25
12,25
whats,25
mode,25
2017,25
dollar,25
computer,25
email,25
note,25
tesla,25
generation,25
job,25
factory,25
suv,25
el,25
segment,25
worry,25
automatic,25
body,24
volkwagen,24
funny,24
red,24
slow,24
unit,24
update,24
traffic,24
full,24
pass,24
100,24
gc,24
xf,24
tax,24
instead,24
ed,24
screen,24
actual,24
absolutely,24
platform,24
sort,23
indeed,23
behind,23
majority,23
10k,23
lux,23
soon,23
open,23
hyundailent,23
story,23
dino,23
youll,23
north,23
consumer,23
mid,23
flight,23
equip,23
lead,23
taste,23
house,23
alfa,23
design,23
enthusiast,23
original,23
afford,23
meet,22
porsche,22
sorry,22
cover,22
hot,22
chip,22
inside,22
dinan,22
normal,22
quote,22
wifes,22
btw,22
beat,22
edmunds,22
sign,22
acuras,22
driving,22
park,22
book,22
future,22
pad,22
provide,22
mostly,21
anyway,21
press,21
e,21
delivery,21
kid,21
lane,21
hour,21
300,21
recent,21
technology,21
adaptive,21
essentially,21
pricing,21
lol,21
slightly,21
e90,21
game,21
software,21
news,21
cvt,21
man,20
chrysler,20
entrylevel,20
335,20
x,20
club,20
he,20
eye,20
35k,20
cruise,20
there,20
currently,20
5k,20
lb,20
yr,20
space,20
hondas,20
business,20
interested,20
result,20
weve,20
safety,20
rare,20
used,20
13,20
apparently,19
country,19
fire,19
mph,19
argue,19
xe,19
street,19
view,19
advance,19
munich,19
25,19
heavy,19
significant,19
thousand,19
fall,19
shawd,19
fairly,19
opinion,19
volume,19
2005,19
walk,19
lower,19
watch,19
plenty,18
accident,18
simple,18
interval,18
production,18
45k,18
somewhere,18
poor,18
individual,18
x5,18
surprise,18
cause,18
heard,18
kill,18
force,18
middle,18
flat,18
unfortunately,18
website,18
anymore,18
item,18
500,18
100k,18
sti,18
pack,18
total,18
200,18
across,17
x1,17
msd,17
budget,17
willing,17
40k,17
60k,17
receive,17
totally,17
rpm,17
sharp,17
roll,17
theyve,17
nav,17
clean,17
japanese,17
residual,17
touch,17
loan,17
straight,17
competitive,17
s6,17
purpose,17
key,17
buck,17
jaguar,17
sony,17
mainhonda,17
compact,17
except,17
strong,17
f10,17
general,17
department,17
24,17
mini,17
round,17
sporty,17
obviously,17
continue,17
garage,16
law,16
ad,16
visit,16
switch,16
quickly,16
four,16
forget,16
salesman,16
clutch,16
filter,16
reality,16
window,16
age,16
theyll,16
credit,16
button,16
piece,16
23,16
highly,16
competitor,16
statement,16
330i,16
pas,16
super,16
inventory,16
45,16
max,16
regular,16
manufacture,16
2012,16
info,16
measure,16
competition,16
anywhere,16
condition,16
70,16
cheapo,16
insurance,16
saudi,16
weather,16
continental,16
impressive,16
compete,16
address,16
gen,16
bias,16
htoyotaory,16
whether,16
boost,16
comparable,16
paint,16
alone,16
east,16
generally,16
return,16
release,16
throw,16
spare,16
trouble,16
research,15
thread,15
roof,15
bite,15
admit,15
ahead,15
schedule,15
typical,15
yesterday,15
spot,15
q40,15
nearly,15
morning,15
data,15
19,15
link,15
fair,15
hurt,15
trust,15
perception,15
support,15
picture,15
manager,15
discussion,15
impressed,15
oem,15
rid,15
phone,15
difficult,15
horrible,15
dual,15
decision,15
realize,15
audi0s,15
550i,15
recommend,15
f,15
gain,15
economy,15
period,15
regardless,15
form,15
clear,15
06,15
2011,15
durability,15
tour,15
settle,15
ten,14
suspect,14
town,14
potential,14
odd,14
relative,14
le,14
monitor,14
arrive,14
separate,14
pedal,14
hasnt,14
msds,14
six,14
engineer,14
vs,14
prestige,14
content,14
sh,14
acceleration,14
personal,14
record,14
fiat,14
knock,14
replacement,14
complain,14
cincinnati,14
impression,14
hybrid,14
na,14
somebody,14
14,14
decade,14
finish,14
engineering,14
youve,14
delete,14
face,14
date,14
tv,14
aware,14
france,14
9,14
appear,14
depreciation,14
marketing,14
v8,14
soft,14
degree,14
favorite,14
hatch,14
demand,14
proof,14
f30,14
forward,14
easily,14
relatively,14
reputation,14
graphic,14
affect,14
2007,14
ac,14
improvement,14
remove,14
zero,14
superior,14
fn,13
step,13
quarter,13
instal,13
complete,13
luck,13
luxo,13
belt,13
ugly,13
2018,13
site,13
video,13
b,13
tdi,13
reasonable,13
hell,13
monthly,13
treat,13
advantage,13
cadillacs,13
multiple,13
noise,13
display,13
seriously,13
dash,13
closer,13
corner,13
air,13
showroom,13
330,13
somewhat,13
particularly,13
3k,13
appreciate,13
bimmerfest,13
rotor,13
bunch,13
apply,13
volkswagens,13
80k,13
sunroof,13
situation,13
roadburner,13
trick,13
treatment,13
rt,13
everybody,13
contact,13
begin,13
particular,13
former,13
suggest,13
gg,13
positive,13
blow,13
network,13
beautiful,13
heat,13
fluid,13
twice,13
significantly,13
35,13
player,12
ability,12
1500,12
backup,12
burn,12
de,12
hence,12
mag,12
equal,12
ridiculous,12
entirely,12
cts,12
launch,12
swap,12
government,12
nobody,12
rep,12
comp,12
extremely,12
tend,12
besides,12
win,12
definition,12
grant,12
account,12
shock,12
340,12
sensor,12
page,12
young,12
produce,12
reach,12
previously,12
glad,12
surprised,12
pound,12
ground,12
infinitis,12
mf,12
aint,12
upper,12
shouldnt,12
route,12
germany,12
station,12
code,12
lbft,12
national,12
personally,12
bargain,12
catch,12
400,12
million,12
configuration,12
appeal,12
mazdapeed,12
mtoyotaake,12
cross,12
synthetic,12
fee,12
bottom,12
spent,12
selling,12
suvs,12
tow,12
none,12
match,12
south,12
additional,12
complaint,12
36,12
bother,12
raise,12
trend,11
labor,11
hood,11
argument,11
involve,11
location,11
school,11
upscale,11
hopefully,11
perform,11
bank,11
carry,11
pontiac0,11
neon,11
fail,11
bump,11
liter,11
turbos,11
refer,11
pic,11
15k,11
roughly,11
pressure,11
hundred,11
diff,11
failure,11
euro,11
cheat,11
stage,11
ticket,11
hop,11
retoyotar,11
basic,11
process,11
dark,11
qualify,11
commute,11
s4s,11
equivalent,11
reading,11
prior,11
radio,11
dad,11
profit,11
uhp,11
benefit,11
ca,11
bumper,11
tight,11
msport,11
english,11
proper,11
bang,11
send,11
20k,11
respect,11
prob,11
stress,11
attractive,11
trunk,11
strange,11
online,11
letter,11
hey,11
remain,11
heck,11
65,11
topic,11
neither,11
youd,11
ready,11
disagree,11
curious,11
learn,11
double,11
toyotaable,11
season,11
travel,11
rat,11
hpde,11
congrats,11
weak,11
maintain,11
boy,11
exhaust,11
fly,11
effort,11
ownership,11
ie,11
tick,10
75,10
tank,10
deep,10
midsize,10
mmi,10
union,10
rating,10
phoenix,10
tough,10
rule,10
anybody,10
explain,10
headlight,10
response,10
prove,10
tiny,10
dead,10
mazdar,10
4k,10
attitude,10
die,10
theyd,10
material,10
yep,10
machine,10
target,10
is350,10
spring,10
foot,10
damage,10
via,10
gotten,10
theres,10
strike,10
frequent,10
entire,10
exception,10
drivetrain,10
box,10
addition,10
kick,10
truly,10
public,10
1000,10
ignore,10
shopping,10
audio,10
windshield,10
risk,10
nicer,10
hate,10
nicely,10
buying,10
electronic,10
retail,10
appliance,10
tchryslers,10
thank,10
grow,10
predmundscom,10
instance,10
jump,10
invoice,10
serious,10
macan,10
feeling,10
paper,10
common,10
minor,10
spec,10
vacation,10
main,10
32,10
bm,10
bike,10
warm,9
source,9
inch,9
smart,9
connect,9
criterion,9
cold,9
respond,9
nyc,9
concern,9
intake,9
position,9
apple,9
daily,9
classic,9
fake,9
pricey,9
percent,9
custom,9
25k,9
advertise,9
combo,9
status,9
imo,9
rutoyotaer,9
liked,9
single,9
rebate,9
sad,9
smooth,9
opportunity,9
pace,9
automotive,9
alternative,9
speaker,9
photo,9
honestly,9
70k,9
w,9
obvious,9
harsh,9
lately,9
finance,9
aggressive,9
beyond,9
ny,9
17,9
typically,9
5000,9
possibly,9
inspection,9
2500,9
heart,9
otherwise,9
8speed,9
recognize,9
honest,9
observation,9
attempt,9
4cyl,9
margin,9
marque,9
combination,9
moonroof,9
ltoyotaen,9
horsepower,9
silver,9
percentage,9
quiet,9
ohio,9
entertain,9
excuse,9
crank,9
3rd,9
upcoming,9
2009,9
boat,9
modify,9
350,9
slick,9
johan,9
apart,9
create,9
group,9
exterior,9
exact,9
toward,9
eat,9
center,9
perceive,9
xdrive,9
lineup,9
shot,9
sween,9
exclude,9
05,9
vsport,9
convertible,9
wonderful,9
dust,9
hassle,9
land,9
outside,9
asstoyota,9
hotel,9
message,9
135i,9
fund,9
550,9
literally,9
x6,9
suit,9
feedback,9
commercial,9
adjustable,9
relationship,9
auction,9
meant,9
america,9
security,8
contract,8
ditto,8
automaker,8
glk,8
ta,8
18t,8
act,8
wise,8
zf,8
san,8
600,8
cable,8
tweak,8
gt350,8
430,8
dyno,8
output,8
fleet,8
gon,8
theory,8
sunday,8
initial,8
metallic,8
340i,8
opt,8
sc,8
andor,8
progdodge,8
sled,8
component,8
effect,8
user,8
wed,8
daughter,8
limited,8
profile,8
s5,8
modification,8
toyotamic,8
connection,8
l,8
dial,8
mod,8
destination,8
luxurious,8
blame,8
parent,8
survive,8
navigation,8
electronics,8
ats,8
information,8
rebadged,8
upon,8
tt,8
stretch,8
eyesight,8
rarely,8
reduce,8
direction,8
capability,8
damn,8
efficient,8
structure,8
depreciate,8
wood,8
upgraded,8
justify,8
rain,8
hang,8
150,8
usual,8
adjust,8
poster,8
twin,8
spending,8
trans,8
mirror,8
curve,8
towards,8
fancy,8
amp,8
amg,8
werent,8
length,8
train,8
differential,8
survey,8
2k,8
corporate,8
priority,8
blind,8
achieve,8
determine,8
saturday,8
official,8
pump,8
defeat,8
strip,8
subarus,8
negotiate,8
16,8
aftermarket,8
leg,8
optional,8
toy,8
image,8
mk,8
gadget,8
flawless,8
compromise,8
balance,8
somehow,8
37k,8
college,8
m235i,8
maker,7
city,7
bms,7
bo,7
supply,7
ice,7
cylinder,7
friday,7
battery,7
1st,7
coverage,7
gratification,7
guide,7
lag,7
flow,7
split,7
collision,7
marki,7
throttle,7
june,7
stupid,7
added,7
mt,7
disaster,7
stoyotaer,7
skip,7
setup,7
neighbor,7
responsive,7
e46,7
battle,7
race,7
perfectly,7
party,7
resale,7
6speed,7
beaune,7
crack,7
tempt,7
p,7
2010,7
instant,7
virtually,7
bill,7
adblue,7
toyotamics,7
crazy,7
seek,7
remind,7
differently,7
chime,7
access,7
bug,7
requirement,7
awesome,7
2000s,7
lucky,7
slight,7
rim,7
pontiac5,7
cap,7
deposit,7
basis,7
member,7
detail,7
glc,7
weigh,7
c300,7
italy,7
jeep,7
wiper,7
wrangler,7
mix,7
favor,7
belong,7
whereas,7
huh,7
automobile,7
conservative,7
rest,7
joke,7
bought,7
styling,7
plastic,7
328xi,7
lock,7
rack,7
environment,7
joe,7
optioned,7
pop,7
imperial,7
hole,7
bell,7
few,7
supercharge,7
n63,7
horse,7
repeat,7
37,7
aside,7
longevity,7
rev,7
sub,7
discuss,7
2004,7
ultimate,7
ti,7
intend,7
chicago,7
pleasure,7
counter,7
slip,7
map,7
routine,7
rs7,7
management,7
popular,7
99,7
retoyotad,7
airport,7
despite,7
se,7
scroll,7
announce,7
massive,7
pure,7
440i,7
advice,7
shoot,7
lps,7
louisville,7
truth,7
150k,7
shape,7
five,7
financial,7
manhattan,7
extreme,7
fault,7
spd,7
impress,7
accept,7
charactertoyotaics,7
better,7
star,7
c7,7
34,7
frankly,6
inflate,6
join,6
ell,6
bland,6
sarcasm,6
1995,6
lightweight,6
temp,6
refinement,6
amazing,6
wide,6
scream,6
indicate,6
quicker,6
ratio,6
fpace,6
third,6
seller,6
inform,6
sa,6
transaction,6
regulation,6
scottsdale,6
useful,6
transportation,6
giulia,6
worthy,6
ex,6
300hp,6
franchise,6
grade,6
certify,6
expense,6
award,6
prevent,6
331,6
represent,6
harder,6
crowd,6
2002,6
302,6
non,6
voice,6
rise,6
14k,6
equity,6
hadnt,6
altogether,6
legal,6
vi,6
markcincinnati,6
confidence,6
bolster,6
dog,6
cycle,6
correctly,6
unlike,6
progress,6
normally,6
card,6
ah,6
adequate,6
attention,6
passenger,6
nj,6
vhondants,6
client,6
28k,6
hat,6
stitch,6
eg,6
jet,6
lutz,6
shell,6
328d,6
calculation,6
shame,6
latter,6
moreover,6
assembly,6
lp,6
1900,6
largely,6
extensive,6
found,6
5050,6
cca,6
graphicguy,6
warning,6
child,6
river,6
select,6
designation,6
pocket,6
tie,6
weird,6
retire,6
waste,6
bmwna,6
bos,6
gorgeous,6
todays,6
kinda,6
numerous,6
2000,6
crash,6
gt2,6
sweet,6
refresh,6
preference,6
cod,6
lemon,6
stereo,6
constoyotaent,6
solid,6
ought,6
death,6
cultural,6
2008,6
crop,6
f3x,6
interface,6
bore,6
lean,6
merge,6
lighter,6
aspire,6
8k,6
search,6
hk,6
combine,6
sooner,6
iteration,6
pickup,6
specifically,6
closely,6
ft,6
specs,6
humble,6
operate,6
535,6
self,6
subcompact,6
originally,6
tremendous,6
thou,6
hose,6
cooper,6
clearly,6
lap,6
vin,6
untoyotaue,6
generate,6
seemingly,6
38k,6
al,6
aka,6
uber,6
m2,6
score,6
among,6
beige,6
infinitix,6
father,6
elsewhere,6
extoyotaing,6
redesign,6
enter,6
mexico,6
selection,6
shopper,6
nysschen,6
1998,6
vinyl,6
butt,6
license,6
region,6
bmw4,6
electric,6
california,6
introduce,6
gasoline,6
fill,6
okay,6
web,6
random,6
heavily,6
dct,6
advertising,6
judge,6
convince,6
burner,6
haul,6
successful,6
habit,6
extend,6
saving,6
awful,6
relate,6
tear,6
tool,6
ray,6
67,6
aesthetic,6
et,6
175,6
earlier,6
miami,6
properly,6
water,6
rolex,5
outstanding,5
internet,5
flash,5
nature,5
sens,5
gray,5
9k,5
darn,5
mount,5
happens,5
principle,5
handling,5
module,5
iron,5
meaning,5
respective,5
negative,5
narrow,5
mechanical,5
lesson,5
36k,5
culture,5
lots,5
specific,5
rich,5
direct,5
leader,5
immediately,5
bottle,5
january,5
vag,5
wanted,5
12k,5
function,5
subsidize,5
usa,5
salt,5
forgot,5
mbtex,5
sample,5
suffer,5
overnight,5
understandable,5
amaze,5
ltoyotaed,5
teach,5
225,5
identical,5
mess,5
nano,5
pleasant,5
everywhere,5
sheet,5
final,5
vary,5
idrive,5
july,5
1k,5
necessarily,5
steep,5
e36,5
hertz,5
green,5
estate,5
console,5
independent,5
dream,5
grab,5
refuse,5
active,5
hardly,5
field,5
snob,5
75k,5
dashboard,5
legroom,5
gli,5
slowly,5
modded,5
michelin,5
lift,5
qx,5
hondad,5
washer,5
dumb,5
standalone,5
hellcat,5
thus,5
mildly,5
tex,5
industry,5
bimmers,5
confuse,5
block,5
pavement,5
gt350r,5
95,5
motivate,5
badly,5
diego,5
chassis,5
wallet,5
depends,5
queen,5
file,5
convert,5
reserve,5
min,5
variety,5
durable,5
income,5
certification,5
florida,5
srt,5
starter,5
offering,5
shake,5
reverse,5
hire,5
dhp,5
practice,5
7k,5
11,5
february,5
london,5
320xi,5
suggestion,5
sake,5
folks,5
soul,5
hyundais,5
designer,5
math,5
reflect,5
edge,5
financing,5
enforce,5
traditional,5
47k,5
exceed,5
gtr,5
maximum,5
adm,5
annoy,5
tag,5
itll,5
admire,5
possibility,5
august,5
canada,5
tomorrow,5
sd,5
specification,5
hondaacura,5
dtoyotaance,5
bed,5
inline,5
progdodges,5
c400,5
boot,5
mixed,5
comparo,5
4th,5
install,5
pontiac,5
various,5
hill,5
nail,5
tier,5
refine,5
neck,5
modern,5
climate,5
strictly,5
adviser,5
ordered,5
underwhelmed,5
is250,5
professional,5
entertainment,5
dinner,5
regional,5
cr,5
root,5
bentley,5
st,5
april,5
jack,5
evolve,5
onto,5
aaa,5
accurate,5
edition,5
mail,5
61,5
limp,5
plant,5
530i,5
2er,5
shes,5
dedicate,5
notion,5
indicator,5
warn,5
asian,5
japan,5
winner,5
scale,5
useless,5
alex,5
cushion,5
office,5
spammer,5
screw,5
helpful,5
fdodgee,5
chevrolets,5
resort,5
assessment,5
toss,5
net,5
whose,5
poseur,5
toyotaed,5
rock,5
10000,5
shout,5
nose,5
mass,5
shiny,5
450,5
ton,5
mood,5
beast,5
carpet,5
surpass,5
polo,5
sea,5
bundle,5
facility,5
define,5
pre,5
performs,5
expire,5
concept,5
patience,5
er,5
spin,5
panamera,5
desire,5
politics,5
palomar,5
duty,5
miata,5
transition,5
global,5
g70,5
ha,5
memory,5
dirty,5
infotainment,5
accessory,5
necessary,5
square,5
33,5
diminish,5
stripper,5
medium,5
vhondations,5
rs4,5
crap,5
1100,5
volkswagenaudi,5
fell,5
admittedly,5
econobox,5
drag,5
m4,5
ball,5
destroy,5
passt,5
clearance,5
upwards,5
import,5
latch,5
trading,5
compliant,5
15000,4
delay,4
welcome,4
width,4
recommendation,4
earth,4
burgundy,4
retirement,4
longterm,4
audience,4
loaded,4
disappoint,4
nut,4
ship,4
revenue,4
signal,4
band,4
equipped,4
180,4
whale,4
eastern,4
85,4
rb,4
courtesy,4
supplier,4
7speed,4
interstate,4
substantially,4
71,4
3000,4
tread,4
president,4
nismo,4
silly,4
receiver,4
healthy,4
usb,4
rename,4
struggle,4
capital,4
tts,4
cayman,4
sun,4
guarantee,4
enterprise,4
0100,4
declare,4
rotation,4
escalate,4
forgotten,4
contender,4
21,4
incentives,4
6k,4
immediate,4
counterpart,4
esp,4
subi,4
switzerland,4
lifetime,4
rig,4
regret,4
tint,4
42k,4
manner,4
concerned,4
audiaudi,4
climb,4
excite,4
earn,4
barely,4
28,4
bulb,4
awhile,4
interview,4
friendly,4
beta,4
36l,4
worse,4
food,4
poland,4
authorize,4
newer,4
rl,4
turntable,4
thinking,4
google,4
rude,4
chamber,4
zph,4
ya,4
iphone,4
mechanic,4
severe,4
entitle,4
popularity,4
fight,4
vote,4
versus,4
vectoring,4
mpgs,4
cue,4
abuse,4
impossible,4
scat,4
704,4
allseason,4
appropriate,4
disappointed,4
numb,4
maserati,4
complex,4
initially,4
performer,4
5er,4
dws,4
sgk,4
manually,4
grey,4
hauler,4
xk,4
lackluster,4
converter,4
void,4
particulate,4
legitimate,4
scope,4
glow,4
incompetent,4
34k,4
subject,4
busy,4
ultimately,4
tone,4
2019,4
hypertech,4
cousin,4
fold,4
intuitive,4
tarnish,4
wider,4
mandatory,4
dependent,4
engines,4
rs3,4
clock,4
goodwill,4
urge,4
proposition,4
knowledge,4
naturally,4
orange,4
surely,4
baby,4
exec,4
privilege,4
brown,4
concierge,4
wind,4
driveway,4
buddy,4
hows,4
wearer,4
con,4
prefers,4
30t,4
diamond,4
subjective,4
bridge,4
cafe,4
bradd,4
exhibit,4
laugh,4
boring,4
wild,4
navigate,4
cluster,4
taint,4
draw,4
stang,4
mom,4
yo,4
frequently,4
sunny,4
efficiency,4
conclusion,4
potentially,4
pretend,4
dig,4
pug,4
poke,4
bob,4
here,4
bingo,4
ladder,4
beer,4
2l,4
sec,4
music,4
bimmer,4
booth,4
ocean,4
04,4
holiday,4
warrantee,4
broken,4
pose,4
blast,4
3er,4
building,4
separation,4
1200,4
nitrogen,4
cargo,4
tc,4
language,4
vette,4
disappointment,4
negotiation,4
league,4
mobile,4
natural,4
induction,4
absolute,4
eco,4
demo,4
basement,4
arguably,4
giant,4
vii,4
regulator,4
shut,4
325i,4
hpdes,4
experiment,4
breath,4
illegal,4
stasis,4
fry,4
engage,4
magnetic,4
afraid,4
tall,4
curiosity,4
feels,4
owe,4
surprising,4
solution,4
brain,4
southern,4
e350,4
modest,4
domestic,4
couch,4
65k,4
application,4
electrical,4
vent,4
freeway,4
noisy,4
20l,4
dino001,4
moreno,4
kit,4
safely,4
march,4
investment,4
deliver,4
loyalty,4
gla,4
revamp,4
appearance,4
policy,4
displacement,4
299,4
whtoyotales,4
analysis,4
assumption,4
bluetooth,4
ultra,4
airbags,4
broad,4
uk,4
reference,4
120,4
enthusiasm,4
welt,4
andres,4
allseasons,4
s90,4
effectively,4
cancel,4
bmwfs,4
rs,4
motorcycle,4
technically,4
1015,4
mere,4
42,4
false,4
metro,4
avis,4
336,4
enhance,4
vast,4
irrelevant,4
acquisition,4
seeker,4
markup,4
convenience,4
cuv,4
plug,4
bonus,4
someday,4
dry,4
carbon,4
blur,4
considerably,4
halsubaru,4
participate,4
concur,4
radar,4
bux,4
coolant,4
responce,4
saab,4
cheaper,4
looked,4
goal,4
justification,4
clue,4
firmware,4
aspect,4
chronic,4
valid,4
stigma,4
heres,4
tmobile,4
describe,4
precisely,4
blew,4
bless,4
korea,4
wheelbase,4
pt,4
exclusive,4
320d,4
tuner,4
spoiler,4
lifestyle,4
knew,4
lo,4
valve,4
powertrain,4
supposedly,4
powerful,4
contrast,4
tenth,4
900,4
capahonda,4
wax,4
monday,4
overseas,4
axle,4
asstoyotaance,4
bar,4
surround,4
confused,4
noticed,4
320ix,4
250,4
checked,4
omg,4
slot,4
plain,4
mppk,4
saddle,4
war,4
smith,4
39,4
pattern,4
directly,4
t5,4
mpe,4
peak,4
26,4
breaker,4
gold,4
es,4
ab,4
tad,4
science,4
eventually,4
b7,4
cater,4
constoyotaently,4
gate,4
810,4
52,4
55,4
traction,4
reviewer,4
pricepoint,4
2nd,4
firm,4
fat,4
suck,4
international,4
hammer,4
present,4
rode,4
got,4
parking,4
mountain,4
york,4
portion,4
population,4
perspective,4
solve,4
obc,4
challenge,4
2003,4
deaden,4
county,4
6th,4
uninspiring,4
mercury,4
newly,4
m235,4
flexibility,4
nowhere,4
moment,4
glass,4
padodgeeters,4
pontiac537,4
arm,4
king,4
angle,3
fyi,3
650,3
turnin,3
toyotate,3
51,3
1990s,3
whos,3
v8s,3
38,3
rx350,3
imply,3
taught,3
kardon,3
bout,3
mazdas,3
bait,3
sacrifice,3
invite,3
neighborhood,3
up,3
flac,3
extension,3
convey,3
yup,3
debacle,3
spur,3
testdrive,3
populate,3
logical,3
750,3
unpleasant,3
builder,3
dept,3
chair,3
provider,3
sight,3
rug,3
leased,3
related,3
boo,3
curb,3
gts,3
minimum,3
pp,3
nanny,3
motorcycltoyota,3
elr,3
scandal,3
success,3
classify,3
absent,3
soup,3
ecu,3
paris,3
fxx,3
frankfurt,3
jerk,3
reaction,3
publish,3
320is,3
s7,3
knowledgeable,3
27,3
lunch,3
2014s,3
bugatti,3
tlshawd,3
plane,3
n,3
promise,3
moderator,3
trigger,3
progdodgeming,3
chief,3
calculate,3
transform,3
insured,3
feed,3
612,3
title,3
attorney,3
24k,3
understood,3
painful,3
bose,3
host,3
rearview,3
savvy,3
36000,3
333,3
tagline,3
blank,3
sportm,3
hiccup,3
elps,3
aversion,3
tidbit,3
author,3
uoas,3
tectonic,3
detuned,3
140k,3
fantastic,3
sand,3
tissot,3
toggle,3
overprice,3
float,3
mindset,3
format,3
download,3
loud,3
toll,3
loss,3
lowly,3
oppose,3
wink,3
criminal,3
inclusion,3
rover,3
vhondable,3
camero,3
pleased,3
cell,3
as4,3
911,3
overly,3
conquest,3
gran,3
535xi,3
aston,3
reader,3
serve,3
grill,3
ddodgea,3
adapt,3
44,3
approach,3
usaa,3
cabin,3
allows,3
edit,3
blown,3
opposite,3
slippery,3
ben,3
wifi,3
thumb,3
odds,3
bird,3
tweaked,3
remark,3
nonetheless,3
leatherette,3
my16,3
alright,3
ding,3
51k,3
glitch,3
remotely,3
consideration,3
west,3
sweep,3
weighs,3
brief,3
01,3
van,3
440,3
7500,3
translate,3
370,3
locate,3
availability,3
bear,3
lurch,3
1970,3
lunatic,3
sleep,3
chain,3
peter,3
god,3
98,3
monaco,3
mr,3
130k,3
debate,3
era,3
cake,3
hmmm,3
2001,3
manage,3
ktoyota,3
uncle,3
unnecessary,3
scare,3
ring,3
drool,3
infact,3
penalty,3
exchange,3
faith,3
4000,3
tranny,3
hideous,3
mother,3
increment,3
stronic,3
discover,3
octane,3
winery,3
energy,3
7series,3
iirc,3
print,3
gap,3
ls460,3
lawyer,3
gallon,3
row,3
capable,3
tooth,3
econoboxes,3
awds,3
4yr50k,3
cleveland,3
relax,3
rocket,3
remote,3
certainty,3
advertiser,3
33k,3
visible,3
avoidance,3
convention,3
project,3
184185,3
tonight,3
afternoon,3
intention,3
jury,3
k,3
planet,3
prague,3
stray,3
intrusive,3
storm,3
herb,3
hts,3
fnjust,3
fx,3
costco,3
3500,3
wine,3
2006,3
left,3
saturn,3
horizon,3
oxide,3
log,3
preferred,3
renault,3
rfts,3
gizmo,3
boston,3
equally,3
worldwide,3
financially,3
expectation,3
warrant,3
blatant,3
sentiment,3
mall,3
allocation,3
shoe,3
construction,3
peg,3
e39,3
rx,3
leasing,3
di,3
alot,3
flip,3
handy,3
primary,3
constantly,3
uninvolving,3
whichever,3
effortless,3
4cylinder,3
lighting,3
necessity,3
parody,3
r8,3
rip,3
human,3
planning,3
leaky,3
tradein,3
lively,3
700,3
ease,3
androidauto,3
brit,3
skill,3
us,3
lament,3
twenty,3
345,3
buzz,3
satisfy,3
disadvantage,3
northern,3
redline,3
330xi,3
connissantion,3
unusual,3
s,3
comparably,3
establish,3
la,3
tricky,3
tried,3
325,3
occur,3
exposure,3
gentle,3
1980s,3
bmwx,3
attend,3
setting,3
cmon,3
phrase,3
restoyotaance,3
rs3a,3
slant,3
participation,3
beep,3
nope,3
study,3
session,3
blunt,3
cam,3
flag,3
laden,3
unchanged,3
gladly,3
hair,3
tourer,3
sat,3
commit,3
11m,3
unlock,3
looker,3
intro,3
dusty,3
together,3
men,3
pipe,3
turbocharged,3
protect,3
chunk,3
junk,3
02,3
nocharge,3
interestingly,3
roomy,3
feb,3
salesperson,3
deck,3
55k,3
tampa,3
4800,3
tout,3
cloth,3
torsen,3
midlevel,3
spice,3
1012,3
stringent,3
cop,3
briefly,3
430i,3
polestar,3
storage,3
andres3,3
movie,3
volvor,3
1975,3
pan,3
3g,3
extoyota,3
moderate,3
sweendogy,3
pig,3
spartan,3
reduction,3
1999,3
ugh,3
mfgr,3
rob,3
unreliable,3
swear,3
adopt,3
skinny,3
ml,3
nonpermissible,3
ivory,3
wire,3
e83,3
fool,3
safe,3
builtin,3
skoda,3
secure,3
eliminate,3
wash,3
wisdom,3
partner,3
virus,3
tab,3
woman,3
command,3
thru,3
reasonably,3
path,3
cayenne,3
90searly,3
plate,3
orient,3
grille,3
25i,3
niche,3
beam,3
capture,3
comparos,3
tucson,3
geez,3
dna,3
marginally,3
200k,3
muscle,3
italian,3
wealthy,3
judgmental,3
inept,3
steve,3
hack,3
predict,3
bright,3
catena,3
troll,3
calif,3
counterpoint,3
december,3
routinely,3
killer,3
introduced,3
pet,3
bla,3
lie,3
dangerous,3
tap,3
wall,3
island,3
sometime,3
creep,3
lifespan,3
overcome,3
lci,3
240,3
billion,3
aspirate,3
carb,3
disregard,3
235,3
dc,3
acceptable,3
lazy,3
steal,3
advisor,3
dtoyotaribution,3
318ti,3
invest,3
theme,3
bound,3
doc,3
bash,3
copy,3
heshe,3
gadgetry,3
shmo,3
agreement,3
dealt,3
284,3
educate,3
logic,3
thin,3
hooked,3
flemish,3
fsport,3
s8,3
movement,3
fierce,3
connissantions,3
sw,3
leverage,3
tq,3
pck,3
mediterranean,3
stable,3
wayland,3
obligation,3
zip,3
null,3
fixed,3
35i,3
dynos,3
eh,3
polite,3
idiot,3
535d,3
tester,3
pedestrian,3
beater,3
vq,3
restsaturnnts,3
europeans,3
floor,3
seven,3
4matic,3
crtoyota,3
album,3
23k,3
0,3
dress,3
pix,3
participant,3
12000,3
praise,3
arena,3
recaros,3
preowned,3
cassette,3
3gt,3
nomenclature,3
surprisingly,3
toyotas,3
46,3
grain,3
800,3
dislike,3
extent,3
encounter,3
essential,3
hyundia,3
120k,3
dipstick,3
emphasis,3
biz,3
cdodgeped,3
thrown,3
port,3
incredible,3
sensitivity,3
bone,3
dull,3
es350,3
aluminum,3
beach,3
chase,3
retro,3
endless,3
blink,3
transferable,3
sportback,3
tolerance,3
107,3
comfy,3
therefore,3
contemplate,3
cracker,3
notch,3
sq,3
primarily,3
blurb,3
speaking,3
audivolkswagen,3
lbs,3
freeze,3
ipod,3
manufacturing,3
hypocrisy,3
5th,3
mineral,3
gloss,3
spank,3
replicate,3
1015k,3
tail,3
decline,3
optimtoyotaic,3
erbusco,3
circa,3
accolade,3
disrespect,3
gentleman,3
scenario,3
bare,3
uninsured,2
clone,2
payoff,2
restsaturnnt,2
landau,2
recognition,2
chrtoyotamas,2
acna,2
austin,2
patch,2
highend,2
irony,2
temperature,2
58,2
inlay,2
convolute,2
figuring,2
cusp,2
airbag,2
stiff,2
lawn,2
arrange,2
nimble,2
unacceptable,2
economics,2
whatsoever,2
instrument,2
metric,2
brother,2
rspec,2
resemble,2
expand,2
nvh,2
pond,2
probable,2
forbearance,2
buicks,2
x3s,2
met,2
gms,2
stride,2
domain,2
halo,2
resolve,2
slushy,2
coke,2
40e,2
18k,2
fog,2
caution,2
fueleconomygov,2
guise,2
infinit,2
paragraph,2
hptorque,2
indy,2
e9x,2
drawback,2
bench,2
mtoyotaaken,2
enjoyment,2
wholeheartedly,2
aspec,2
amenity,2
collection,2
th,2
chapter,2
tks,2
nasty,2
vbulletin,2
skier,2
370hp,2
sludge,2
59,2
decal,2
attack,2
october,2
sucker,2
50000,2
sticky,2
november,2
midsized,2
cripple,2
hotrod,2
3year,2
poison,2
reinforce,2
dieselgate,2
outperform,2
golden,2
229,2
softer,2
annual,2
simplify,2
nickel,2
becomes,2
understanding,2
honcho,2
kudos,2
catoyotan,2
steel,2
goalpost,2
higher,2
bummer,2
egan,2
par,2
peeve,2
xxx,2
keen,2
ludicrous,2
450k,2
nox,2
teeth,2
midsizers,2
59k,2
imoit,2
nitwit,2
q40s,2
equation,2
scary,2
posted,2
motortreands,2
lucked,2
effective,2
realm,2
grudgingly,2
goldstar,2
compound,2
darken,2
inner,2
extraordinary,2
idle,2
gob,2
mitigate,2
roads,2
putt,2
economic,2
mike,2
nit,2
gathering,2
toptier,2
columbus,2
occasional,2
taillight,2
fury,2
physic,2
offset,2
icon,2
levinson,2
stattoyotaical,2
sloppy,2
empty,2
unsettling,2
volvovolvo,2
donut,2
anticipate,2
strategy,2
substantial,2
pun,2
sooo,2
dieselpowered,2
claaudi,2
ne,2
dec,2
prepared,2
thermostat,2
atmosphere,2
contis,2
enuf,2
outfit,2
projection,2
typo,2
heel,2
belongs,2
tree,2
revo,2
disclaimer,2
cast,2
fantasy,2
ipad,2
automate,2
bitty,2
beak,2
reminds,2
enemy,2
328335,2
mondeo,2
compensate,2
agency,2
quieter,2
conscientious,2
merit,2
8hp,2
6cyl,2
b6,2
sop,2
joy,2
170k,2
goodlooking,2
comic,2
ripoff,2
overhaul,2
strap,2
elaborate,2
2016s,2
execution,2
painfully,2
stale,2
houston,2
audisaudi,2
flush,2
myriad,2
mechanically,2
od,2
reliablity,2
ikeda,2
practically,2
e63,2
woxr,2
relatives,2
disagreement,2
constant,2
lessee,2
brag,2
”,2
tan,2
101,2
safelite,2
downtown,2
acc,2
detailed,2
temporary,2
leftover,2
chrome,2
suicide,2
inferior,2
ia,2
46k,2
downside,2
ciera,2
mask,2
compass,2
aid,2
rainy,2
balk,2
upside,2
52k,2
hondaary,2
breathtaking,2
pool,2
section,2
approve,2
pertains,2
regularly,2
tossable,2
gt3,2
physical,2
mojo,2
ala,2
cleaning,2
competent,2
103k,2
twtoyotay,2
suburb,2
mentally,2
bavhonda,2
declaration,2
camper,2
324,2
seam,2
redic,2
wednesday,2
kudlow,2
ytd,2
imperfection,2
4050,2
decrease,2
insult,2
marker,2
plague,2
omission,2
eu,2
shortly,2
salzburg,2
pro,2
congratulation,2
nashville,2
axe,2
midpack,2
excessive,2
ouch,2
strongly,2
inconvenient,2
nurse,2
danger,2
champ,2
wound,2
millionaire,2
toity,2
dump,2
16k,2
v6s,2
c200,2
smile,2
mazdapeed3,2
specialize,2
suptoyotad,2
aim,2
unleaded,2
marvel,2
younger,2
fairness,2
described,2
behavior,2
rough,2
pontiac0s,2
lexinpontiacn,2
develops,2
nonextoyotaent,2
mortgage,2
breakfast,2
diehard,2
anecdotal,2
imtoyotad,2
spew,2
ponderous,2
deville,2
elite,2
conjurer,2
advise,2
gauge,2
anyhow,2
deserve,2
62,2
borrow,2
goodness,2
joint,2
io,2
b58,2
bf,2
communication,2
140,2
dutch,2
unlimited,2
beg,2
ltoyotas,2
qualifies,2
1977,2
staff,2
flexible,2
lube,2
covered,2
thrive,2
evidence,2
wtech,2
s6s7,2
moronic,2
classification,2
90k,2
cheapen,2
thingsjust,2
compile,2
tired,2
rio,2
lord,2
midcycle,2
alienate,2
audible,2
snowwinter,2
anti,2
i3,2
prohibitive,2
bullitt,2
simpler,2
pacific,2
brittle,2
ii,2
425,2
hids,2
annually,2
3850,2
playbook,2
blower,2
lip,2
mo,2
bean,2
sneak,2
shed,2
305,2
tls,2
vacuum,2
thrill,2
youtube,2
hype,2
coarse,2
autonomy,2
austria,2
webn,2
mfgs,2
narrative,2
stagger,2
episode,2
progression,2
2022,2
kial,2
loop,2
horribly,2
sicker,2
develop,2
underpowered,2
handsome,2
picky,2
whoever,2
anytime,2
subtle,2
browse,2
coral,2
07,2
dtoyotainct,2
lady,2
venice,2
intended,2
gig,2
mundane,2
undercut,2
skimp,2
terribly,2
nightmare,2
someplace,2
governmental,2
dug,2
coming,2
tx,2
bizarre,2
pen,2
reservation,2
lsc,2
finger,2
trap,2
conventional,2
wrap,2
panachevrolet,2
tip,2
47,2
clarification,2
overwhelm,2
abarth,2
b85,2
4year,2
towel,2
mexican,2
btob,2
proportion,2
rank,2
rougher,2
dismal,2
bye,2
thirsty,2
edmundscom,2
navi,2
t6,2
ups,2
breathtakingly,2
substitute,2
marseille,2
dodgeps,2
minority,2
phase,2
miatas,2
ankle,2
elevate,2
pm,2
settled,2
permanent,2
drawn,2
rules45k,2
dance,2
hospice,2
expert,2
seatbelt,2
prospect,2
tartedup,2
carefully,2
multitude,2
coincidence,2
amazingly,2
accommodate,2
optimism,2
superiority,2
required,2
obsolete,2
alongside,2
applies,2
rail,2
392,2
upmarket,2
caught,2
awareness,2
oyster,2
bee,2
strict,2
leisure,2
zaino,2
bankruptcy,2
1988,2
4wd,2
inflated,2
gmac,2
visited,2
spam,2
91,2
loose,2
cahondalet,2
mid5s,2
wipe,2
secret,2
vow,2
associate,2
invent,2
derivative,2
rebuild,2
enthusiastic,2
meter,2
maximize,2
msrps,2
virtual,2
att,2
detect,2
rbi,2
antenna,2
std,2
superb,2
cent,2
nameplate,2
tentwenty,2
monica,2
128,2
acurated,2
configure,2
205k,2
sluggish,2
neglect,2
día,2
truecar,2
growth,2
outlast,2
ette,2
transforms,2
told,2
utterly,2
vantage,2
timetable,2
270,2
stance,2
snicker,2
hydraulic,2
pearl,2
8hp45,2
resource,2
a12,2
n63tu,2
heals,2
worn,2
fraction,2
e91,2
shall,2
eve,2
description,2
executive,2
forbes,2
pkg,2
dread,2
invhondably,2
prepay,2
marketplace,2
tn,2
phoney,2
carthe,2
underlie,2
6months,2
thursday,2
menu,2
installer,2
mild,2
alive,2
liner,2
afterwards,2
interaction,2
los,2
prop,2
2vf,2
tlongi,2
magnet,2
calculus,2
quantity,2
demonstrate,2
channel,2
n55,2
bullet,2
mim,2
highlight,2
mm,2
benjaminh,2
bailouts,2
3700,2
shelby,2
eight,2
confirm,2
affected,2
infrastructure,2
probability,2
sahara,2
qualification,2
pc,2
gem,2
bus,2
implementation,2
territory,2
butter,2
pleather,2
bold,2
sour,2
lincolns,2
sentence,2
western,2
wet,2
spoken,2
9000,2
nx200,2
nonnegotiable,2
employee,2
grip,2
compartment,2
continually,2
mitsubishi,2
toilet,2
arrogant,2
pirellis,2
atsv,2
xi,2
truckster,2
tdis,2
sir,2
prestigious,2
consumption,2
surly,2
hook,2
unintended,2
stone,2
catalog,2
blanket,2
midrange,2
yellow,2
tricoat,2
105k,2
suddenly,2
vouch,2
qc,2
methinks,2
column,2
sponsor,2
turnerconforti,2
secs,2
g90,2
prevents,2
indulge,2
dl,2
crossed,2
slouch,2
app,2
diagnose,2
retread,2
skateboard,2
complexity,2
activity,2
abandon,2
abnormal,2
robustness,2
timing,2
craft,2
theater,2
character,2
shine,2
pcv,2
whop,2
peppy,2
dat,2
slide,2
purtoyotas,2
lucerne,2
jb4,2
dizzy,2
flaw,2
allege,2
zrated,2
backwards,2
china,2
risky,2
police,2
motivation,2
cup,2
hoity,2
particle,2
mop,2
jx,2
whine,2
brilliant,2
grinder,2
artificial,2
hunt,2
resign,2
avoid,2
ctsv,2
tstat,2
lumbar,2
grunt,2
mission,2
longitudinal,2
personality,2
unfair,2
coworkers,2
hoard,2
identity,2
valet,2
teethe,2
wheeltire,2
nonstarter,2
aurora,2
blizzard,2
plymouth,2
110,2
overstate,2
nursing,2
aw,2
lexuss,2
lifelong,2
speculate,2
underneath,2
dealerships,2
woxy,2
doubtful,2
instruct,2
promote,2
social,2
fave,2
cameras,2
2wd,2
spirit,2
faux,2
bluff,2
ht,2
reread,2
drain,2
straighten,2
toyotative,2
intentionally,2
fancyschmancy,2
4banger,2
usher,2
ccba,2
alarm,2
demise,2
odometer,2
minimal,2
rw,2
pander,2
breld,2
weapon,2
genesis,2
luxperformance,2
2450,2
piss,2
peace,2
65000,2
29,2
heyday,2
pluralize,2
romeo,2
nod,2
lovely,2
brought,2
readily,2
dime,2
22800,2
dude,2
sibling,2
tradeoff,2
sever,2
ps,2
snuff,2
rv,2
snowy,2
175k,2
investigate,2
mortal,2
arizona,2
vidvolkswagen,2
swing,2
45ish,2
devastate,2
literal,2
career,2
sent,2
speedometer,2
aggressively,2
scam,2
66,2
descendant,2
texas,2
pollution,2
insulation,2
objection,2
rbmy,2
ban,2
320hp,2
gmc,2
truthfully,2
8spd,2
acea,2
meaningless,2
ego,2
donate,2
serpentine,2
rash,2
dismiss,2
philosophy,2
flew,2
canyon,2
cite,2
significance,2
grasp,2
desperate,2
340xi,2
11k,2
din,2
church,2
weber,2
grad,2
exemplary,2
hoot,2
breed,2
customermedia,2
e28,2
rely,2
vega,2
dilute,2
cfl,2
delta,2
expendables,2
b8,2
differ,2
turf,2
sportiness,2
bin,2
13rd,2
memo,2
punch,2
shortage,2
monster,2
b9,2
5door,2
lover,2
sportier,2
thier,2
url,2
bag,2
prompt,2
windows,2
unhappy,2
hd,2
pleasantly,2
cute,2
leap,2
mercedesbenzamg,2
charm,2
ro,2
gremlin,2
importantly,2
fascinate,2
wb,2
sky,2
spiritual,2
festival,2
shore,2
435i,2
srt8,2
luckily,2
fussen,2
pit,2
78,2
instructor,2
thatll,2
miles12,2
infinity,2
swiss,2
subvent,2
furniture,2
counterintuitive,2
cwp,2
pointless,2
peugeot,2
shifter,2
blessing,2
witness,2
b5,2
blatantly,2
zurich,2
gsr,2
dcts,2
weaken,2
accelerator,2
beechmont,2
touchscreen,2
underpinnings,2
rs7s,2
facelift,2
16t,2
proud,2
retain,2
ml250,2
albeit,2
20000,2
ltoyotaening,2
critical,2
bucket,2
monitoring,2
1970s,2
circle,2
cherry,2
bridgestone,2
32k,2
bnw,2
accelerate,2
resemblance,2
6000,2
puzzle,2
insanely,2
2100,2
excess,2
structural,2
realtoyotaic,2
ski,2
stakeholder,2
aug,2
organization,2
2g,2
compassnavi,2
salespeople,2
superficial,2
piggyback,2
device,2
calculator,2
bailout,2
barrier,2
discernment,2
dynoed,2
practical,2
chryslers,2
guidance,2
sweden,2
scan,2
greatly,2
brad,2
pronounce,2
e24,2
prepare,2
toxic,2
occasionally,2
dodads,2
untoyotaable,2
volvos,2
formerly,2
26k,2
patient,2
accommodation,2
bauble,2
assess,2
salesguy,2
reply,2
hed,2
oct,2
examples,2
e92,2
duration,2
mercy,2
dividend,2
uninissanl,2
pontiac5x,2
pimp,2
plow,2
secondary,2
8hp70,2
pdc,2
heaven,2
horrendous,2
eelps,2
18000,2
sadly,2
imagination,2
shorten,2
measurement,2
sandy,2
considerable,2
easier,2
lg,2
paddle,2
p21s,2
improved,2
acurawatch,2
lotus,2
nevertheless,2
pollutes,2
evolution,2
uncommon,2
lipstick,2
seemed,2
crappy,2
yrs,2
advanced,2
mazdaina,2
teen,2
turbocharge,2
parallel,2
unable,2
height,2
michaell,2
rattle,2
incident,2
disconnect,2
political,2
proclaim,2
repeatedly,2
leds,2
e34,2
ingear,2
toyotalexus,2
whenever,2
partly,2
humiliate,2
dumbed,2
psychological,2
increasingly,2
635,2
fr,2
careful,2
division,2
warmer,2
tractor,2
penetration,2
435,2
rr,2
fluff,2
pant,2
spread,2
ellp,2
beemer,2
efficiently,2
negotiable,2
m1,2
extended,2
starting,2
unneeded,2
instock,2
abused,2
adtoyota,2
harmon,2
padodgeeter,2
dtoyotaances,2
gut,2
conduct,2
entertaining,2
audis3,2
advertised,2
believer,2
preclude,2
trump,2
zeon,2
pain,2
transponder,2
220,2
joseph,2
tsunami,2
bind,2
337,2
audis4,2
gratis,2
whilst,2
63,2
smell,2
disappear,2
twentyfive,2
03,2
gasket,2
contamination,2
fullsize,2
pricy,2
codger,2
insure,2
shred,2
generic,2
recession,2
noticeable,2
kyfdx,2
trial,2
costly,2
x2,2
2800,2
restyled,2
honor,2
accusation,2
safer,2
optimum,2
currency,2
autocross,2
dtoyotainction,2
ruin,2
subies,2
ferrari,2
packaging,2
private,2
spoke,2
completion,2
embarrass,2
bmw50i,2
stats,2
deductible,2
thigh,2
corporation,2
uaw,2
utilize,2
z28,2
validate,2
clever,2
upgrades,2
pony,2
rarity,2
625,2
crown,2
situational,2
nearby,2
grin,2
sudo,2
stare,2
foremost,2
okif,2
328xd,2
estoril,2
spectrum,2
shifty,2
exceptional,2
upholstery,2
rural,2
syn,2
extoyotaed,2
england,2
induce,2
slam,2
billy,2
coffee,2
rd,2
notable,2
concede,2
shower,2
dtoyotaributors,2
erode,2
drift,2
underpin,2
differentiate,2
slushbox,2
discern,2
27k,2
edc,2
attach,2
mug,2
fathom,2
flagship,2
penny,2
conforti,2
f250,2
50m,2
hike,2
delivers,2
locally,2
56k,2
similarly,2
dmv,2
hyunkia,2
authority,2
faulty,2
grind,2
sayin,2
idiotic,2
request,2
ally,2
uoa,2
skew,2
mixture,2
heated,2
whoa,2
billyi,2
00s,2
teutonic,2
500k,2
alum,2
sorta,2
stomp,2
dominate,2
revive,2
camp,2
ltoyotaing,2
snake,2
machinery,2
giggle,2
overconfidence,2
porky,2
amortize,2
trail,2
25l,2
indie,2
assign,2
flightnurse,2
gotcha,2
verify,2
damper,2
writer,2
volkwagens,2
visitor,2
disappointing,2
tariff,2
goto,2
agility,2
faithful,2
mishap,2
consequence,2
oxy,2
3536k,1
allwheeldrive,1
allincluded,1
2900,1
chauffeur,1
timex,1
sing,1
282k,1
nonfactor,1
sideways,1
htoyotaory—and,1
950,1
partnership,1
modified,1
mphup,1
8wheel,1
sessionsevents,1
lyft,1
mmy,1
soich,1
hondaness,1
keller,1
suspensionbrakes,1
450—and,1
substantiate,1
p7s,1
rwp,1
290hp,1
m156,1
rudely,1
cvolkswagen,1
warp,1
usable,1
incorporate,1
brute,1
prototype,1
dunlops,1
announcement,1
strength,1
replacementrepair,1
inventive,1
magic,1
garlits,1
fourwheel,1
steves,1
4289gc,1
importance,1
central,1
gulf,1
clothes,1
descend,1
perennially,1
hesitation,1
acceptance,1
souns,1
acid,1
stattoyotaics,1
engineexhaust,1
verbose,1
confident,1
addressed,1
infinitely,1
gotoyotaling,1
simulate,1
demonstration,1
850k,1
mortality,1
grandmother,1
resolvedlike,1
picked,1
wasis,1
raja,1
ranking,1
eschew,1
lair,1
toyotaages,1
begginer,1
founder,1
53,1
wensberg,1
tolerate,1
31k,1
htib,1
rethorical,1
xenon,1
lowerimg,1
folder,1
takeaway,1
chasis,1
maher,1
shortterm,1
gaulle,1
analogy,1
reviews,1
516,1
ostensibly,1
200bux,1
xemon,1
2020,1
nix,1
misspoke,1
e93,1
headline,1
collect,1
stearing,1
aclass,1
coax,1
film,1
iii,1
yearoveryear,1
13995,1
roadrunner,1
detrimental,1
analog,1
flyer,1
remarkably,1
harsher,1
spt,1
boughtleased,1
usmarket,1
scenery,1
enouhg,1
23800,1
x1x3,1
iutodd,1
toyotaallation,1
spritited,1
baffle,1
phx,1
isolate,1
realworld,1
340440,1
cts4,1
gradually,1
rebrand,1
pine,1
multi,1
downturn,1
attache,1
maniacal,1
transparent,1
audiaudis4s5rs5,1
contraption,1
boyracer,1
gps,1
455month,1
draft,1
uphill,1
hello,1
28200,1
rooftops,1
expenditure,1
460,1
49,1
appealing,1
lounge,1
copper,1
passer,1
sphincter,1
greatness,1
concentration,1
rayi,1
76,1
332,1
hiphop,1
sweaty,1
moneyrelated,1
shuffled,1
62000,1
halogen,1
320ibmw,1
contentedly,1
cyclical,1
1300,1
675,1
pricerange,1
preorder,1
carstrucks,1
powerband,1
outgunning,1
clotoyotaered,1
wake,1
tho,1
incense,1
musing,1
benign,1
export,1
butdynos,1
1978,1
pole,1
crisper,1
optioningpricing,1
rockin,1
salesmen,1
fascias,1
bmwa,1
entertaininghence,1
jointshinges,1
bluealaska,1
299m,1
80k120k,1
tov,1
relevant,1
vtecnet,1
nest,1
50ish,1
exit,1
qyour,1
goggle,1
f82,1
hmm,1
maketo,1
subscribes,1
withor,1
cdnit,1
espresso,1
150000,1
multiyear,1
autograph,1
stereotypical,1
marketingmarket,1
dealerblue,1
mlb,1
payer,1
fnloving,1
raymy,1
thezf,1
hidden,1
influence,1
permit,1
designate,1
rainsensing,1
puppet,1
chest,1
fe,1
30k35k,1
stopping,1
aarp,1
44k,1
daytime,1
70770,1
kilometer,1
asstoyotas,1
aczel,1
bmwfrom,1
komen,1
gs350,1
driveablity,1
rogers,1
driveespecially,1
sophtoyotaication,1
gently,1
100000,1
f30s,1
leasesloans,1
plummet,1
dayone,1
redone,1
meat,1
1442,1
hospital,1
hipshooter,1
fixated,1
peckish,1
sticks4,1
russian,1
makesmarkets,1
11pm,1
1896,1
conti,1
rush,1
weasel,1
belittle,1
seater,1
midst,1
greed,1
cladding,1
vertoyotaile,1
14031,1
farm,1
mia,1
mouth,1
posturing,1
univ,1
speical,1
waiter,1
header,1
disposable,1
yall,1
activate,1
anxiety,1
insurmountable,1
mechanism,1
carsford,1
italians,1
cady,1
watches,1
dearly,1
desert,1
concoct,1
eloquently,1
topview,1
skate,1
massage,1
epace,1
255,1
culttoyotas,1
amplesome,1
fasterthan,1
remap,1
defense,1
nowand,1
60hp,1
audib5,1
whopping,1
infini,1
documentation,1
cvt—a,1
markall,1
e250,1
11000,1
48k,1
3i,1
enkei,1
vokswagens,1
consults,1
tintz,1
noneuro,1
60r,1
behaves,1
practicality,1
ingolstat,1
abs,1
prediction,1
fndidnt,1
21003500,1
toneau,1
bmwi,1
stuck,1
dday,1
spacious,1
rerun,1
saythat,1
loanerrental,1
francisco,1
warms,1
stringently,1
airplane,1
inbetween,1
hondatouring,1
fatherson,1
rentedleased,1
24540subaru8,1
wellrespected,1
ink,1
knox,1
dtoyotainctive,1
nutshellthanks,1
shod,1
quantify,1
speck,1
contractit,1
tha,1
autostrata,1
fastor,1
37350,1
pending,1
unmarketable,1
unintentionally,1
smoking,1
calendar,1
minis,1
dishonest,1
dishwater,1
atlanta,1
mechanicals,1
paperpwork,1
bravo,1
3had,1
vintage,1
brakes,1
casualty,1
4cly,1
escallade,1
wait—you,1
cheater,1
jalopnik,1
microvan,1
temptingespecially,1
fin,1
anonymous,1
1969,1
shootouts,1
carmel,1
walnut,1
who,1
worked,1
cimmaron,1
boulevard,1
wellesley,1
wowthis,1
tlonggood,1
mercedeses,1
thrash,1
transformation,1
moron,1
replete,1
finishbuild,1
7year,1
6250,1
intellectually,1
miranda,1
vertical,1
included,1
excludes,1
37500,1
expend,1
saleswise,1
colonel,1
downer,1
mercedesbmw,1
is350f,1
750m,1
piero,1
midnight,1
catastrophies,1
dk,1
dependable,1
suffice,1
pride,1
inexpensive,1
carif,1
proofread,1
152k,1
inn,1
onefourth,1
algorithms,1
rightusually,1
mediocrity,1
jeffs,1
3334k,1
crapping,1
broke,1
limitation,1
328hp,1
taking,1
niiiiiice,1
seamless,1
318,1
optimize,1
272,1
shade,1
concentrate,1
froma,1
1520,1
autosmooth,1
chick,1
grocery,1
1792,1
longtime,1
cancer,1
m235iwportinstalled,1
flashy,1
infinitihs,1
floaty,1
introduction,1
pair,1
extoyotaence,1
regtoyotaered,1
oversight,1
am,1
degrade,1
courteous,1
iv,1
munroney,1
desoto,1
sks,1
staten,1
early20s,1
cockpit,1
435hp,1
incarnation,1
driveability,1
enticement,1
31445,1
1987,1
anal,1
scout,1
evolutionary,1
moniker,1
westmont,1
congest,1
matched,1
dayand,1
happenswere,1
dealing,1
capri,1
25day,1
sorely,1
fourway,1
c7075,1
1967,1
concierges,1
15k36,1
steam,1
gulp,1
oddballs,1
cadillacgm,1
strengths,1
5000s,1
wealth,1
acre,1
startup,1
brozeni,1
sirius,1
twtoyotaing,1
mute,1
awaken,1
yukon,1
coop,1
unplowed,1
photocopy,1
der,1
analyst,1
markthanks,1
insane,1
rs5,1
gd,1
wikipedia,1
yor,1
objectskids,1
miscalculation,1
askew,1
circlegood,1
gearbox,1
didput,1
kirstieive,1
quantifiable,1
shades,1
hondaim,1
blaaaaaat,1
friction,1
hoopla,1
drooling,1
civility,1
admission,1
20ta,1
quells,1
escape,1
floating,1
misguide,1
1981,1
157k,1
surname,1
brakingin,1
enginenonturbo,1
apparent,1
georgia,1
horror,1
toyotating,1
coyote,1
lowmid,1
bulk,1
dip,1
assertion,1
1040,1
bush,1
aggregator,1
gasoil,1
belch,1
albums,1
worker,1
foul,1
valujet,1
dweebs,1
innsbruck,1
ltoyotauidators,1
valley,1
i4,1
vpower,1
6070,1
sweat,1
fromthat,1
anttoyotaue,1
accuse,1
handfull,1
rig328,1
qship,1
35000,1
uner,1
criminally,1
5000cs,1
righteither,1
2018s,1
alcohol,1
howdy,1
ez,1
downloads,1
porking,1
insert,1
robsubarui,1
hazardous,1
excited,1
privacy,1
yuo,1
entrance,1
proprietary,1
11am,1
powerprocessing,1
it—and,1
phenom,1
unused,1
follower,1
responsible,1
x5d,1
chart,1
infamous,1
workaround,1
interrogated,1
tack,1
commissioned,1
blipthrottle,1
ratlike,1
submerge,1
260hp,1
oval,1
isi,1
input,1
upsell,1
bake,1
appraiser,1
qthats,1
admiral,1
1994,1
thatd,1
qxs,1
contractor,1
autodimming,1
latest,1
blandness,1
volkswagendieselgate,1
possess,1
300mo,1
twtoyota,1
fuelair,1
ps4s,1
array,1
privatepublic,1
phenomenon,1
downpipes,1
herald,1
junky,1
910ths,1
notsodissimilar,1
breakout,1
footprint,1
enamor,1
marginal,1
carmodel,1
grippy,1
funkytry,1
belgium,1
bribe,1
invitation,1
reside,1
harbinger,1
luxurysport,1
69,1
mazdarity,1
folding,1
spanish,1
5year,1
depth,1
constituance,1
rearward,1
degradationif,1
poortofair,1
enormous,1
suggests,1
insignia,1
markmajor,1
fns,1
tilt,1
oversteer,1
b46,1
anothers,1
megalots,1
inject,1
gl,1
dodgy,1
asleep,1
jeez,1
510,1
back—was,1
blandmobiles,1
deter,1
approval,1
sector,1
eitheror,1
parker,1
factorys,1
gift,1
discontinue,1
grape,1
alphabetsoup,1
reveal,1
deaf,1
x3yes,1
241,1
journos,1
motorsport,1
dme,1
untoyota,1
cartruckbrand,1
mfg,1
13k,1
remanufactured,1
bfg,1
surliness,1
crossing,1
impunity,1
retubed,1
royce,1
halfway,1
laptop,1
preamps,1
unabashed,1
369lbs,1
rod,1
525m,1
midfives,1
sommelier,1
greeting,1
destruction,1
pal,1
thinner,1
encouragement,1
uncles,1
my17,1
ofest,1
fnnope,1
manufcturer,1
sufficiency,1
metalsaluminum,1
socalled,1
underbelly,1
overtime,1
revenge,1
culprit,1
sonys,1
appetizer,1
fortunately,1
restyle,1
e21,1
ff,1
sroute,1
prognosis,1
tickle,1
thankful,1
1le,1
reborn,1
endorse,1
132214,1
cycltoyotas,1
parkway,1
immpeccable,1
invaded,1
2017s,1
chevroletage,1
413lbs,1
loser,1
rescue,1
oneunless,1
judgment,1
cchryslerhonda,1
congress,1
garbage,1
throughout,1
cooky,1
oilcapability,1
z,1
broadcast,1
xyz,1
smokin,1
tham,1
unconventional,1
180hp,1
elpps,1
bmwand,1
panododgeic,1
trash,1
sportyhot,1
unclefor,1
ttg,1
19751995,1
logtoyotaics,1
luxuryupscale,1
929,1
happier,1
115,1
algorithm,1
markglad,1
coerced,1
hong,1
skid,1
gouge,1
576m,1
bmw28i,1
710,1
vensa,1
fourcylinder,1
pioneer,1
intern,1
disruption,1
faulting,1
143k,1
divert,1
nephey,1
definitive,1
integrity,1
wantjust,1
wellused,1
limb,1
americans,1
equipment—like,1
hyundaihyundaihyundai,1
booklet,1
swears,1
posting,1
hightech,1
subsidiary,1
weaker,1
tank21mpgall,1
lethargic,1
boorish,1
inevitable,1
yaaawn,1
messed,1
fought,1
lockheed,1
manifold,1
netherlandian,1
o,1
manger,1
conveniently,1
microcar,1
062mph,1
stsv,1
corinthian,1
194,1
benchmark,1
acurathe,1
coach,1
popup,1
6570,1
slightest,1
paste,1
finicky,1
tvaudio,1
mckinney,1
00049,1
andresinteresting,1
1200rpm,1
tenure,1
transportationeven,1
australian,1
rapid,1
backer,1
gxx,1
hopeful,1
label,1
nee,1
outcome,1
seriesgood,1
m830a1,1
stumble,1
maximization,1
pushbutton,1
superdodges,1
leftlane,1
jittery,1
td1,1
psychic,1
prophetic,1
rebirth,1
interpret,1
abfrom,1
makeup,1
epas,1
econocar,1
mentality,1
everybodys,1
dinostickguyi,1
gettin,1
nicest,1
wander,1
139k,1
technological,1
btwhows,1
boeing,1
cough,1
association,1
crow,1
awdall,1
marking,1
pinch,1
cutting,1
hadjust,1
1400,1
dumpy,1
“,1
abysmal,1
pucker,1
fringe,1
fogs,1
powerplant,1
conflict,1
denon,1
juvenile,1
ambient,1
45500,1
nuts,1
shutter,1
3x,1
inconvenience,1
supercharged,1
ahhh,1
horsepowertorque,1
disposition,1
paid,1
kink,1
chant,1
g27,1
wheelhouse,1
glitzy,1
wheelspin,1
coil,1
derogatorily,1
hondaacuras,1
28th,1
selffeeding,1
outskirt,1
tirewheel,1
moreespecially,1
mid1980s,1
bust,1
86k,1
elevator,1
mcdonalds,1
verrry,1
00007,1
credible,1
hears,1
153,1
snowstorm,1
cdodgep,1
fear,1
fond,1
mediocre,1
itthem,1
damned,1
strut,1
rutoyotaerized,1
acquire,1
systematic,1
timely,1
201,1
melbourne,1
romp,1
abovei,1
sole,1
retool,1
1045pm,1
fitted,1
77k,1
testing,1
instoyotaed,1
hyundailence,1
blog,1
jaglr,1
outright,1
cement,1
pontiac9,1
400hp,1
haveshould,1
saying,1
dice,1
watchful,1
millenia,1
6thtop,1
toyobaru,1
mega,1
partiespotential,1
9272015,1
understatement,1
betterwere,1
glory,1
andres3dont,1
jolt,1
pontiac0g90,1
selfdescribed,1
sixdigits,1
mxv4,1
reestablish,1
obama,1
vicarously,1
damp,1
wheels,1
22k,1
dctdsg,1
wayne21,1
drivenlooked,1
amble,1
tremendously,1
6cylinders,1
prepro,1
seminar,1
goml,1
tended,1
200xs,1
95000,1
initialize,1
rimz,1
nonluxury,1
rightlane,1
9010,1
n20,1
continued,1
medieval,1
pallatable,1
james,1
21000milesyr,1
fashion,1
cu,1
devoid,1
louis,1
castrol,1
dafoe,1
vocabulary,1
25000,1
looks,1
240zs,1
fullblown,1
vacant,1
tide,1
led,1
lamp,1
indianapolis,1
50l,1
etoyota,1
doolan,1
secondly,1
questionhas,1
hive,1
contribute,1
48hp,1
semi,1
owngo,1
savs,1
az,1
xseries,1
tsb,1
participates,1
conscious,1
harrisburg,1
setter,1
cards—and,1
miles1018,1
upton,1
autobox,1
doner,1
lsaturnsdada,1
dowright,1
commented,1
theoretical,1
property,1
nhra,1
airline,1
pickemup,1
creak,1
admits,1
underlying,1
onstar,1
propel,1
gang,1
compensation,1
conotation,1
definitey,1
mabe,1
musical,1
certificate,1
upgrading,1
testdrove,1
biased,1
rope,1
factoid,1
standout,1
untill,1
428xi,1
mica,1
lotterywinning,1
heckif,1
satisfaction,1
pin,1
repairmediocre,1
carbigger,1
135,1
herehere,1
comeback,1
capacitor,1
propelled,1
zf8hpxx,1
beerfools,1
sexually,1
resentment,1
court,1
3840,1
economyunless,1
fngreat,1
665,1
unbundled,1
mid90s,1
slump,1
vineyard,1
lrint,1
chinese,1
oof,1
f34,1
limo,1
individually,1
checkltoyota,1
blindside,1
clunky,1
i8,1
strangely,1
greg,1
compression,1
denver,1
twtoyotaies,1
230,1
750il,1
slat,1
spongy,1
casins,1
motorand,1
expel,1
c38,1
helps,1
emotionally,1
20112012,1
5500,1
endemic,1
exclusivelymeaning,1
tense,1
neuschwanstein,1
involvement,1
unicorns,1
roadster,1
resurrect,1
syndrome,1
melt,1
mud,1
bode,1
ingolstadt,1
graph,1
clearer,1
regtoyotaer,1
brussels,1
mide,1
debut,1
intergra,1
heathrow,1
fulltime,1
puncture,1
salon,1
craigsltoyota,1
frustrate,1
gimp,1
prerequisite,1
midto,1
constoyotaency,1
crystal,1
bender,1
arctic,1
600month,1
430ix,1
plastichrome,1
categorybrand,1
cult,1
gained,1
plebian,1
understated,1
flood,1
341,1
supervise,1
anchor,1
metal,1
quest,1
campaign,1
hoax,1
iswho,1
goldplated,1
sprint,1
evil,1
microsoft,1
982,1
tuning,1
ploy,1
criteria,1
identifier,1
hannah,1
retrorods,1
yuck,1
occasion,1
figurative,1
nightly,1
106000,1
10kyr,1
writting,1
greets,1
communicate,1
haha,1
cirrus,1
shadow,1
gather,1
925,1
320328,1
tee,1
viscosity,1
caranddrivercom,1
450lbs,1
nonstaggered,1
coupes,1
gulita,1
bigtime,1
bankrupt,1
720,1
czech,1
playing,1
offhand,1
tailrisk,1
fncoolwanna,1
oneway,1
somewhereor,1
kona,1
presume,1
montvale,1
outpost,1
vaguefeeling,1
subculture,1
kline,1
overtapped,1
335340hp,1
string,1
caran,1
littlelike,1
1920s,1
hondalining,1
99999,1
embarrassment,1
750ld,1
750s,1
kong,1
breakin,1
played,1
arttoyotas,1
restoyota,1
connectivity,1
prevention,1
cantwont,1
dealbreaker,1
sutoyotaed,1
contro,1
perceptable,1
overwhelming,1
superhandling,1
wwii,1
worrying,1
c63,1
precise,1
torture,1
b58i,1
37l,1
establishment,1
prog,1
licensed,1
kyfdxno,1
outgun,1
correlation,1
6040,1
growler,1
my15,1
7xsd,1
bulky,1
ref,1
comparision,1
nondescript,1
237hp,1
creation,1
luggage,1
stickguys,1
21000,1
astronomical,1
nerve,1
affection,1
projector,1
minus,1
tiredit,1
progressive,1
detest,1
nx,1
franc,1
joyful,1
billypersonally,1
disapointing,1
bumble,1
si,1
alcantara,1
wand,1
lifter,1
connotation,1
37000,1
utility,1
tifighter,1
1lt,1
exotic,1
carsa,1
dooh,1
emails,1
hatchback,1
10gb,1
approximate,1
finesse,1
xcite,1
luxemborgian,1
altma,1
alignment,1
inclomplete,1
spain,1
supersporty,1
homelink,1
infringe,1
theinfiniti,1
michevroletn,1
contradict,1
africa,1
bass,1
scapegoat,1
powerplants,1
roar,1
erased,1
stat,1
twtoyotas,1
expectancy,1
certified,1
overhead,1
gtv6,1
shrinky,1
skin,1
leeway,1
centraints,1
complimentary,1
170,1
conjecture,1
sufficient,1
spunky,1
hero,1
dieslmthung,1
fni,1
maxwell,1
punishment,1
weirdly,1
4minute,1
hungry,1
reduces,1
drivebys,1
coincide,1
27mpg,1
fnits,1
shield,1
hmmmmmdid,1
appreciable,1
acuraspeak,1
incline,1
consolidate,1
inclement,1
lope,1
intermittent,1
gonzo,1
warsaw,1
2012like,1
corydon,1
vienna,1
upload,1
conniption,1
respectable,1
lender,1
spectrumthink,1
elise,1
locallysourcing,1
scotland,1
brussles,1
sidewall,1
smalli,1
datawould,1
810ths,1
reclaim,1
finer,1
reward,1
dealerinstalled,1
carcompact,1
182k,1
stinker,1
vic,1
giver,1
1973,1
student,1
dunnothe,1
finepenalty,1
synth,1
emotional,1
harshness,1
jackson,1
wellprofiled,1
nouveau,1
as4s,1
encroach,1
korean,1
migrate,1
hereand,1
hondahighway,1
15mins,1
bhph,1
10th,1
nonrelated,1
chapman,1
downhill,1
intimidated,1
exclusion,1
ldi,1
upstate,1
purr,1
formula,1
namely,1
decides,1
implies,1
stinky,1
idyllic,1
perpetuate,1
supposed,1
wmub,1
heatedcooled,1
dsgs,1
tlongone,1
reverts,1
61k,1
ernie,1
ubtoyotauitous,1
metaphor,1
43,1
selfish,1
cn,1
adapative,1
00,1
objectionable,1
thisll,1
hawk,1
appreciably,1
dwarf,1
dome,1
braking,1
frchevrolet,1
spinal,1
undervalued,1
wallets,1
tinny,1
days—you,1
institution,1
headed,1
markif,1
colocated,1
markincincinnaticongrats,1
thence,1
deodorant,1
giddyup,1
enforcement,1
altar,1
readreread,1
arrow,1
payday,1
japananywhere,1
autonation,1
lurker,1
depositnonrefundable,1
pontiacd,1
mature,1
scratch,1
subvention,1
volkswagenvolkswagen,1
eight—but,1
surgery,1
rey,1
skodas,1
martin,1
ind,1
parked,1
s2000,1
crosswired,1
wperformance,1
setseason,1
kassuming,1
bmwag,1
tender,1
harbor,1
favtor,1
supple,1
ejoying,1
ineffectiveness,1
obtain,1
lr,1
revmatch,1
nerd,1
323325,1
tracked,1
shrinkdown,1
bitno,1
southwest,1
settling,1
contempt,1
stoplight,1
creed,1
texttospeech,1
30ish,1
throb,1
rdesign,1
mths,1
wag,1
terrain,1
subidized,1
actuator,1
coolthanks,1
criticize,1
22mpg,1
72900,1
countless,1
graphically,1
texting,1
atom,1
nontraditional,1
howto,1
crater,1
49k,1
spectacular,1
vendor,1
mfa,1
ax,1
shure,1
acuravolvo,1
working,1
to300,1
drown,1
3515,1
honesty,1
athlete,1
sos,1
mustard,1
199month,1
unamerican,1
lapping,1
loosely,1
specolis,1
shaker,1
payz,1
scheme,1
e5,1
enamored,1
critically,1
woth,1
loeb,1
320xd,1
react,1
understands,1
likelihood,1
rex,1
tackle,1
handcalculate,1
awdit,1
ticketsvticket,1
solidly,1
in06,1
4door,1
va,1
chastise,1
waze,1
tale,1
carve,1
nissanilles,1
ownerand,1
worried,1
namesbrands,1
designated,1
pinpoint,1
410hp,1
baggage,1
cuvs,1
vues,1
inbefore,1
slug,1
relation,1
personnel,1
hitler,1
buenas,1
365,1
cat,1
pertain,1
ascertain,1
problematic,1
speculationconjecture,1
primacy,1
newish,1
acuraaudi,1
topshelf,1
hall,1
nissaninfinity,1
mat,1
confound,1
skippedmissed,1
cray,1
ibis,1
sidetrack,1
worthwhile,1
unrealtoyotaically,1
forge,1
energize,1
signature,1
sack,1
marketer,1
callwrite,1
88k,1
iand,1
superfun,1
gent,1
333hp,1
yahoo,1
unheard,1
250miles,1
costbenefit,1
cahonda,1
schoolbuses,1
delight,1
fullcry,1
phaeton,1
mountains,1
answered,1
6cly,1
consume,1
mediocretoshoddy,1
bentleyesque,1
strippie,1
56000,1
crusader,1
turbodiesel,1
banker,1
yank,1
markpersonally,1
md,1
glaze,1
ss,1
dunno,1
markasking,1
sue,1
1950,1
anticountermagnet,1
perflux,1
itch,1
6footer,1
jacket,1
miled,1
cru,1
responsibility,1
infant,1
lonely,1
rapide,1
itty,1
mounting,1
markmy,1
aclagla,1
sentimental,1
c6575,1
playstation,1
sleeper,1
bmwcca,1
lineshown,1
dumper,1
mrshiftright,1
protocol,1
donuts,1
toyotamically,1
claimed,1
rihanna,1
psi,1
earlymid,1
elites,1
pvt,1
fuss,1
hizoot,1
profession,1
mentioned,1
0410ish,1
vir,1
frog,1
adrenaline,1
guesstimate,1
prescott,1
escalation,1
hotoyotaled,1
installed,1
diameter,1
senior,1
performancempg,1
blackred,1
fnany,1
technician,1
footrest,1
vhondables,1
massively,1
nonmeanspirited,1
diagnostic,1
especial,1
refined,1
crittoyotaues,1
apartment,1
herbmostly,1
harman,1
fiftypage,1
mechanicsshop,1
outta,1
ctsto5,1
processor,1
whiz,1
twocar,1
sportyish,1
devalue,1
prod,1
reflash,1
stratus,1
flexiblity,1
discourage,1
rag,1
lexusundercut,1
silence,1
goesyou,1
condenser,1
wellenough,1
bulbs,1
bimmerpost,1
ummm,1
constrain,1
grateful,1
winwin,1
residence,1
moms,1
fatherland,1
undo,1
similarity,1
banal,1
reliance,1
adjustment,1
swipe,1
assignment,1
chill,1
streets,1
montgomery,1
becaus,1
shatoyotay,1
anger,1
gasser,1
carplay,1
officially,1
consensus,1
owning,1
yearly,1
university,1
audi0sawd,1
robinson,1
nonfans,1
13000,1
brick,1
en,1
downtime,1
cummins,1
borderlinelarge,1
thievery,1
raw,1
lowered,1
americanized,1
upkeep,1
aplomb,1
underdelivering,1
competence,1
changer,1
bmw435i,1
heartbeat,1
vanishes,1
starfire,1
grows,1
identify,1
levels—driving,1
heater,1
revision,1
discipline,1
zainoed,1
precrash,1
bhp,1
customary,1
wrtoyotas,1
220hp,1
arxa,1
horrific,1
considerate,1
pissed,1
truckover,1
breast,1
object,1
zmp,1
toabout,1
overlook,1
translation,1
erotic,1
rline,1
1958,1
1976,1
mutually,1
downgrade,1
29mpg,1
cleverly,1
sizzle,1
openec,1
351motax,1
pressed,1
surgeon,1
zen,1
4cycland,1
sportbike,1
zenith,1
nonturbo,1
081216,1
exercise,1
fomoco,1
rails,1
carssuvs,1
suspensionwise,1
slowdown,1
breakthrough,1
thyl,1
misfire,1
outrage,1
henry,1
tlong,1
328s,1
promising,1
deserves,1
vested,1
laughing,1
desk,1
hump,1
hubris,1
reprogdodgeming,1
118,1
aztec,1
terrible,1
etcat,1
tape,1
euuis,1
diplomatic,1
packcold,1
e30e36,1
erase,1
pilled,1
vcm,1
autoinsurance,1
tach,1
accavitti,1
wildcat,1
symptoms,1
hondafreeway,1
chevroletways,1
uaws,1
geegaw,1
ofcourse,1
bitch,1
intant,1
parcel,1
moneymaybe,1
subsequently,1
uncounted,1
hackenberg,1
cream,1
kept,1
indict,1
extremecontact,1
degrasse,1
12yearold,1
wowinteresting,1
dirt,1
opener,1
honda—and,1
cole,1
stinkin,1
beholder,1
junkie,1
sae,1
enginesespecially,1
4152015,1
rethink,1
ells,1
timelot,1
nada,1
gross,1
5575,1
exclusively,1
simplest,1
verona,1
onat,1
incoming,1
differentm,1
mecum,1
continentals,1
x1x3x4x5,1
butts,1
audi5,1
drivehondanet,1
tunnel,1
bomb,1
shove,1
xtype,1
reignite,1
sympathetic,1
jetskis,1
brusselian,1
40i,1
lotta,1
wetoyotaec,1
updated,1
ingrain,1
sump,1
x5s,1
envy,1
collapse,1
roadb,1
carnaught,1
lust,1
recorder,1
scrutiny,1
chryslerlike,1
q45,1
captive,1
intrigued,1
merger,1
withive,1
indoors,1
crisp,1
egine,1
fetish,1
25i171k,1
turnaround,1
480m,1
teeny,1
radiator,1
therags,1
f80,1
tissue,1
deny,1
hes,1
aback,1
steerbywire,1
producer,1
diesels,1
offload,1
breitling,1
movado,1
bun,1
299399,1
bwtm,1
80100hp,1
pike,1
lather,1
neil,1
perpetrate,1
likeness,1
unrealtoyotaic,1
80000,1
z8,1
z06,1
task,1
stays,1
ehp,1
cruel,1
unicorn,1
colored,1
breakingin,1
bps,1
implicate,1
putperform,1
e300,1
smite,1
145k,1
fudge,1
restriction,1
recovery,1
dah,1
years—maybe,1
rejection,1
wring,1
passionless,1
1822,1
becsue,1
superficially,1
medicare,1
rewarded,1
stickguy,1
asavinlg,1
leasedeal,1
fickle,1
thath,1
unproven,1
foc,1
offshore,1
5w30,1
coat,1
preordered,1
today—and,1
328340,1
steady,1
06o,1
pod,1
355hp,1
attachment,1
ztr,1
deer,1
volkswagensvolkswagens,1
offensive,1
carand,1
obsolescence,1
tib,1
professor,1
sniff,1
weston,1
doubleblind,1
inflation,1
preamp,1
yard,1
undercutting,1
ward,1
weenie,1
denominator,1
fellow,1
evaluation,1
anticipation,1
100574,1
debadged,1
crux,1
exert,1
blip,1
followthrough,1
31,1
tweako,1
doubleclutch,1
disk,1
stroke,1
drivesat,1
letdown,1
gtv6s,1
undertand,1
underrating,1
divorced,1
guys,1
hps,1
crawl,1
ecxeeding,1
ls,1
hiway,1
bumped,1
excitement,1
cachet,1
6075,1
severity,1
repairable,1
failures,1
withineurope,1
bondholder,1
obey,1
stacker,1
stingergt2,1
confluence,1
complication,1
goodif,1
garmin,1
upfront,1
infraction,1
directinjected,1
headhandstands,1
touche,1
prof,1
military,1
updates,1
depresh,1
sofa,1
zl1,1
burlinpontiacnvt,1
profitable,1
0w40,1
150mph,1
airtran,1
mirage,1
handleno,1
pharao,1
etrons,1
linger,1
69999,1
rocketship,1
guzzle,1
smog,1
850,1
buggy,1
halloween,1
tea,1
midline,1
gulpive,1
graduate,1
offroad,1
cheapest,1
valentine,1
speekers,1
911s,1
pontiacxaudi0,1
switchovers,1
markas,1
allure,1
13004500,1
poopoo,1
poseurdweebs,1
muertos,1
lifthatchback,1
advancement,1
pothole,1
leaf,1
forums,1
edited,1
wicked,1
freshman,1
outbroke,1
rs45,1
dodgesaying,1
ingredient,1
foreign,1
publication,1
datsun,1
3oohp,1
foodcentric,1
repackaging,1
seldom,1
magnusonmoss,1
135k,1
dinatronics,1
markbravo,1
horizontal,1
kw,1
semis,1
unlikely,1
igraphicguy,1
ancient,1
cpos,1
109,1
cimarron,1
mu,1
proxy,1
poorly,1
don146t,1
raywould,1
burger,1
deeply,1
dinocouldnt,1
parse,1
250lbs,1
selfdestruct,1
treasure,1
egt,1
shrunk,1
premiumvalue,1
thirty,1
bending,1
journaltoyotaic,1
revolutionary,1
materialsand,1
surge,1
jeffwith,1
deduct,1
beloved,1
oldsmobiletoyotad,1
coukd,1
an,1
intersection,1
undetectable,1
lasting,1
haugue,1
wussed,1
miniand,1
vip,1
fluids,1
salary,1
mashup,1
chose,1
16500,1
liveable,1
skylark,1
10k36,1
themthe,1
nonsensical,1
shirt,1
4g,1
widewide,1
x1s,1
snowpacked,1
explosion,1
fourfive,1
mill,1
wav,1
awdor,1
tanszanite,1
scarhonda,1
musthave,1
ferodo,1
viola,1
2015s,1
righthand,1
38995,1
oxmoor,1
chevroleto,1
sears,1
outgo,1
lexusinfinitiacura,1
antiaudi,1
fourteen,1
kitchen,1
rolexes,1
formal,1
clatter,1
379hp,1
sedancar,1
foglight,1
louisx,1
markinteresting,1
455,1
racetrack,1
oddball,1
moon,1
respray,1
260,1
thoughtclaimed,1
fatherinlaw,1
slowbutsteady,1
adnissanry,1
dealerowner,1
heavens,1
banter,1
pollen,1
countering,1
3l,1
villager,1
misunderstand,1
dubious,1
voluntary,1
ms3the,1
524td,1
explanation,1
institute,1
mazel,1
lincolnford,1
adcom,1
cease,1
aunt,1
ifwhen,1
142k,1
9speed,1
lengthy,1
enters,1
m97xe,1
em,1
housing,1
395,1
senor,1
tireracks,1
coefficient,1
supension,1
conjunction,1
shortcoming,1
viable,1
0811,1
arouse,1
eon,1
michaelli,1
v70,1
humbling,1
departure,1
memorystorage,1
charles,1
upset,1
disgrace,1
reorganize,1
gaff,1
libert,1
commitment,1
pulley,1
say8k,1
seal,1
annualserviced,1
ms3156k,1
rub,1
csi,1
venerable,1
flap,1
sadder,1
spiritedly,1
superreliable,1
thingive,1
beemersic,1
qi,1
tarted,1
thanksgiving,1
simm,1
styltoyotas,1
100x,1
burl,1
correction,1
finding,1
type2,1
seinfeld,1
ultima,1
225000,1
homeworklike,1
down10k,1
accumulate,1
56676,1
selfhelp,1
older,1
tyson,1
showroomand,1
eligible,1
bmwmercedesbenzlexus,1
ko,1
actuhondal,1
intact,1
255subaru7,1
giveaway,1
3750,1
sas,1
infest,1
siri,1
markyoull,1
mystery,1
sheetmetal,1
tricked,1
fligthnurse,1
lalberete,1
beltway,1
incremental,1
hardpacked,1
wsd,1
40mpg,1
hip,1
mycadillaconstar,1
provance,1
myth,1
grat,1
secert,1
gallons339,1
frugal,1
ivan,1
escort,1
wad,1
communicative,1
sub30k,1
jealous,1
drutoyotaing,1
roadway,1
illegally,1
189m,1
64392,1
shadys,1
till,1
completes,1
finest,1
impartial,1
535x,1
assis,1
autotip,1
superpollutants,1
prejudice,1
chrsyler,1
euros,1
supportadjustment,1
headlong,1
retainer,1
grace,1
21l,1
6700,1
inquire,1
hmmmmmmaybe,1
ariel,1
stylish,1
overdone,1
underwear,1
infitii,1
progdodgeing,1
hwy,1
library,1
ncm,1
turnsignal,1
incentivise,1
subsamples,1
spite,1
highland,1
restrict,1
nestle,1
335x,1
gasolineleaning,1
conditioning,1
sponsored,1
boch,1
ridenoise,1
stint,1
neededtoyota,1
awdthe,1
commentary,1
intentto,1
automatically,1
overdo,1
bmwmini,1
ymmv,1
280,1
padsrotors,1
performanceoriented,1
occurrence,1
4speed,1
velohonda,1
denial,1
winterkorn,1
withstand,1
25540subaru8,1
suceptable,1
1yr,1
underrated,1
embody,1
radical,1
againas,1
potholes,1
monthscant,1
chatsblogs,1
kelly,1
adjusts,1
mismatch,1
anomalies,1
displace,1
ifyou,1
yeahi,1
soits,1
wage,1
foglights,1
fox,1
deepensfrom,1
ecstatic,1
cal,1
prudent,1
careless,1
jose,1
trannie,1
inevitably,1
slushboxes,1
bat,1
loudly,1
morei,1
harmful,1
downsized,1
fence,1
michaell300350,1
3600,1
fullthrottle,1
ect,1
sidewith,1
chosen,1
cry,1
michael,1
voila,1
wouldve,1
dodad,1
billyno,1
unload,1
recomend,1
hanger,1
ivanif,1
flipping,1
weed,1
38400,1
industys,1
yawn,1
4gt,1
epik,1
tri,1
shortening,1
doe,1
brandsmodels,1
deviate,1
folksjust,1
boatload,1
gx470,1
20042008,1
consult,1
1996,1
puffinalong,1
stattoyotaically,1
storied,1
6ft,1
azur,1
enlarge,1
m1a2,1
undriveable,1
foe,1
deftech,1
laundry,1
35d,1
missed,1
arrives,1
strongerstiffer,1
happenive,1
constoyotaenly,1
europegermany,1
verano,1
elapse,1
peek,1
flavor,1
classy,1
essence,1
differentlynamed,1
sub50k,1
perfunctory,1
steeply,1
factoryport,1
autox,1
dethroned,1
threshold,1
lookbut,1
wore,1
packlighting,1
subconsciously,1
extinct,1
27l,1
missingtoo,1
neceschevrolety,1
glance,1
quirk,1
gaffe,1
additionscorrections,1
mp3,1
97,1
hamper,1
spineless,1
sacrilegious,1
carnauba,1
carlos,1
closeeven,1
givin,1
allowance,1
soso,1
sensitive,1
350ish,1
hitech,1
outward,1
respectively,1
87,1
hemis,1
nc,1
compelled,1
temps,1
actively,1
monoprice,1
hilly,1
nonadjustable,1
schnitzer,1
dent,1
obnoxious,1
parity,1
lifeline,1
generous,1
downfall,1
addon,1
premiumluxury,1
limousine,1
hotoyotaytoyotas,1
lexi,1
fast060,1
muffler,1
replaced,1
luftwaffe,1
underside,1
bloombergs,1
jane,1
126,1
cull,1
nirvana,1
s3s,1
fussing,1
accustomed,1
nostalgic,1
out—and,1
328gt,1
casin,1
2013s,1
catchy,1
itemized,1
stink,1
102030,1
disdain,1
admintoyotaration,1
harvest,1
pink,1
recordtoo,1
as,1
addict,1
thunk,1
template,1
32000,1
err,1
deprive,1
plea,1
fatterland,1
bookcar,1
412,1
denomination,1
contrasting,1
seattle,1
everybodythats,1
thatand,1
flair,1
midwest,1
germans,1
receptive,1
superduper,1
proven,1
charlotte,1
suroeste,1
allaround,1
cc,1
ignition,1
quartermile,1
b2b,1
oldschool,1
warrantyfree,1
rebuilt,1
commie,1
nanos,1
bam,1
fnim,1
atscts,1
injector,1
konks,1
swimmingly,1
impolite,1
ungimps,1
1er,1
klink,1
vibration,1
dinoseems,1
contributes,1
observe,1
taut,1
pennsylvanian,1
shoulder,1
stripe,1
stelvio,1
067,1
pcbs,1
tate,1
twinturbo,1
bmwmerecdes,1
directional,1
recreational,1
prem,1
teslaelectrics,1
24mpg,1
appraise,1
hawthorne,1
offend,1
e12,1
tankful,1
renta,1
394lbft,1
poweri,1
tix,1
400lbs,1
vdub,1
koolaid,1
3040,1
130,1
doa,1
cliff,1
russelsheim,1
sp,1
ordinary,1
itat,1
getgo,1
fulfillment,1
redit,1
factoryauthorized,1
applestoapples,1
notebook,1
gdc,1
ww,1
abomination,1
feliz,1
graphicguysatake7com,1
situationraising,1
michaellthanks,1
unmodded,1
replaces,1
unimpressed,1
479,1
z4,1
peril,1
prone,1
phd,1
purtoyota,1
18l,1
supplement,1
boast,1
decouple,1
sustain,1
intent,1
sway,1
co2,1
smarten,1
complicate,1
fndouble,1
compensates,1
indiana,1
carsfor,1
audi0sthe,1
underrate,1
indi,1
buyz,1
258lbft,1
slate,1
marketng,1
contaminate,1
backpressure,1
freudian,1
beamer,1
crime,1
2screen,1
94,1
harp,1
trooper,1
kraków,1
sportbacks,1
dumbfound,1
impluse,1
rebadging,1
hrated,1
todayalong,1
walked,1
contentious,1
2025k,1
splinter,1
i95,1
toaster,1
amarter,1
solely,1
cdg,1
00090,1
son—louisville,1
130000,1
‘,1
heavily—and,1
182,1
tiptronic,1
dtoyotainguish,1
helluva,1
snit,1
worthless,1
thingeveryone,1
gush,1
impeder,1
f16,1
unravel,1
hpfp,1
923,1
becasue,1
swore,1
hondatchryslerhonda,1
tbird,1
globally,1
ate,1
priniple,1
glove,1
db,1
hotspot,1
furious,1
recapture,1
hesitate,1
before—but,1
temped,1
bolstering,1
lumber,1
mani,1
bog,1
154k,1
rainbow,1
cautious,1
psychology,1
overpower,1
inflates,1
showking,1
mb—and,1
diy,1
21mpg,1
nah,1
exceeded,1
barren,1
299month,1
r32,1
tourtoyota,1
bouncey,1
healey,1
272mo,1
lexicon,1
liable,1
successjust,1
1990,1
decontent,1
symmetrical,1
watersurviving,1
elliot,1
subthirteen,1
doodads,1
statusconscious,1
350m,1
bestwhat,1
horn,1
summarize,1
disable,1
twelve,1
circumstance,1
customization,1
cx3,1
thingcadillac,1
167,1
40000,1
campertrailers,1
virginia,1
ae,1
conspicuously,1
bombed,1
deceipt,1
dealerrevenuedriven,1
polluting,1
sixth,1
costdependent,1
silverlooks,1
scienttoyotas,1
scotch,1
appoint,1
glendale,1
ended,1
numbs,1
skim,1
fnno,1
sharingbut,1
tame,1
robsubaru,1
diersburg,1
dolby,1
cads,1
applaud,1
discussionquestion,1
thosand,1
lm25,1
bearingeater,1
capacity,1
panty,1
rumor,1
morpheus,1
deem,1
apology,1
i6,1
deduction,1
htr,1
compel,1
dtoyotainctly,1
mid70s,1
membership,1
rumour,1
lsr,1
429,1
25535,1
pano,1
116,1
audi5hole,1
135is,1
bro,1
needle,1
cds,1
clientele,1
playltoyota,1
grininspiring,1
scirocco,1
monthsmiles,1
41k,1
testedsome,1
trys,1
facet,1
talked,1
ensure,1
midohio,1
awry,1
rbyoure,1
loyal,1
fewer,1
blutech,1
13k14k,1
rotate,1
wantneed,1
community,1
carnaughtstill,1
appreshaited,1
fillups,1
favorably,1
wittle,1
timeless,1
stp,1
hmmmi,1
375m,1
fish,1
bergamo,1
potato,1
40150,1
emotiva,1
ritual,1
makesdealers,1
sleepinducing,1
chrtoyotaian,1
wishltoyota,1
172hr,1
outsold,1
limiter,1
redik,1
extracost,1
snotoyotaish,1
passion,1
lightly,1
caliper,1
22,1
constitutes,1
uncompress,1
30000,1
undergrad,1
86,1
squeaks,1
poser,1
hpim,1
sportluxury,1
stratigy,1
floorplanning,1
castle,1
30mo,1
gr,1
plentiful,1
midterm,1
dinantronic,1
bikers,1
selfcertify,1
imnsho,1
gimmick,1
alike,1
debit,1
ishas,1
fndo,1
noncomparable,1
occurence,1
tube,1
dunlop,1
alliance,1
spacelegroom,1
e70,1
c36,1
text,1
glk350,1
whitered,1
trumplike,1
markare,1
materially,1
aerotoyotamics,1
boxpackage,1
nevr,1
selenite,1
stylized,1
3netting,1
background,1
nitro,1
edrive,1
perchstating,1
57500,1
dreadful,1
stun,1
s38,1
decades,1
fallout,1
oomph,1
funespecially,1
sized,1
chassagnemontrachet,1
c70,1
mixup,1
impeccable,1
topspec,1
newest,1
toddler,1
violate,1
intestinal,1
allnew,1
electrihonda,1
remembers,1
bull,1
walking,1
645ci,1
edgy,1
amati,1
hardcore,1
2year,1
predelivery,1
09,1
breakdown,1
dropoff,1
stepped,1
adapter,1
allturbo,1
3637k,1
fnthanks,1
worsen,1
rimstires,1
interrogate,1
rightit,1
whenif,1
taruffis,1
coin,1
interconnectscables,1
dtoyotaorted,1
gamenissan,1
scroller,1
niece,1
substandard,1
purchasing,1
rant,1
zona,1
misprint,1
neutralized,1
thirst,1
shotgun,1
wreck,1
kibosh,1
fdodgees,1
slice,1
jingo,1
snot,1
thorough,1
bmwness,1
affordable,1
angel,1
forthe,1
parktronic,1
tougher,1
nickname,1
understeer,1
under40k,1
pauper,1
unquestionned,1
7501000,1
aspects,1
norm,1
ridden,1
stabilize,1
asia,1
soften,1
testify,1
posture,1
willliam,1
showcase,1
atvsbuggies,1
firmness,1
fwdor,1
ggs,1
slap,1
pile,1
trated,1
paraphrase,1
4ws,1
chryslerc,1
sorrento,1
averagesadjusted,1
overheat,1
pf,1
phenomenal,1
whoda,1
gun,1
pastry,1
428i,1
washvacuum,1
homebusiness,1
bmwm4,1
repaint,1
awesomely,1
interconnect,1
3040k,1
rollingrestoyotaance,1
revise,1
togeteher,1
chg,1
rayive,1
ppi,1
e3622,1
c46k,1
yr100k,1
malign,1
apples,1
mailing,1
245,1
streetable,1
smiths,1
1440,1
flyingfalling,1
2015audi,1
362,1
gussed,1
ct200h,1
3068,1
placement,1
1799,1
afloat,1
ms,1
semiexpensive,1
sonar,1
plush,1
leak,1
ddodgeatically,1
stumbled,1
thu,1
refund,1
authorized,1
trata,1
flexibilityas,1
flour,1
desired,1
whod,1
offered,1
cannotwill,1
brits,1
glamor,1
sline,1
supersoft,1
chevroleted,1
align,1
reimburse,1
complaints,1
upcharge,1
yeahthe,1
trax,1
condos,1
unrefined,1
cuff,1
foothill,1
pursue,1
caterpillar,1
positives,1
unsuccessful,1
federal,1
524k,1
undetected,1
arrogance,1
audi0qx30,1
buickhelmet,1
collateral,1
20car,1
reflashes,1
youthe,1
alaska,1
summary,1
ashame,1
geico,1
pursuit,1
writeup,1
stickperformance,1
sometimesor,1
miswrote,1
grouping,1
drivers,1
wtite,1
545,1
2500km,1
predecessor,1
meaningless—meeting,1
precarious,1
unreal,1
respectfully,1
336m,1
elegant,1
macaan,1
portfolio,1
bates,1
sandman,1
onoff,1
mexclusive,1
panel,1
envious,1
tj,1
ghosn,1
toon,1
3800,1
bureaucracy,1
ridiculously,1
54,1
hooligan,1
carsall,1
obstacle,1
happily,1
egress,1
recondition,1
rbapproved,1
124,1
104,1
geegaws,1
crew,1
6cylinder,1
cockpits,1
maine,1
d3,1
daddy,1
vtoyotaa,1
e90s,1
downshift,1
zing,1
sweeten,1
strafe,1
derive,1
ownershipnot,1
cunning,1
posterior,1
tudor,1
deetected,1
depreshiayion,1
spiral,1
satellite,1
summation,1
39k,1
concuri,1
270k,1
atop,1
unbolstered,1
48is,1
100ls,1
offseason,1
bond,1
tlonghave,1
blah,1
nudge,1
mcclaren,1
alltorquei,1
hondalike,1
director,1
trickle,1
235hp,1
lightyears,1
liftgate,1
rpmsuch,1
opening,1
mower,1
quip,1
joined,1
mntce,1
cpod,1
threw,1
htoyotaorical,1
a1b1,1
lookthats,1
marklike,1
assumes,1
flames,1
ignorance,1
handeling,1
ix,1
elses,1
lottery,1
hondaingly,1
alones,1
renter,1
ooooh,1
cutoyotay,1
persuade,1
vehicle—but,1
naive,1
drifts,1
acarhonda,1
pitcher,1
3xx,1
kirstie,1
physician,1
ttv8,1
clarify,1
812,1
begain,1
forded,1
cm,1
cto,1
veyron,1
sweenpaid,1
marry,1
bitrate,1
unpopular,1
da,1
cook,1
spoil,1
34950,1
awning,1
streetworthy,1
piggy,1
tlsh,1
gb,1
coverups,1
certifying,1
acronym,1
beef,1
hypothetical,1
whisper,1
unfixed,1
hopelessly,1
tank19mpg,1
optical,1
kiahyundai,1
3100,1
twohour,1
pix—engine,1
hearing,1
bearing,1
disproportionately,1
sel,1
hyundaikias,1
ongoing,1
drug,1
stickall,1
you—because,1
mqb,1
ww2,1
mudguard,1
maintenancerelated,1
pemske,1
waaaay,1
2357,1
knowing,1
wireless,1
xt,1
audiophiles,1
actuality,1
elementary,1
0006,1
perspectivethe,1
unpainted,1
ebay,1
circuit,1
foolish,1
increased,1
harm,1
featherbed,1
slack,1
pirelli,1
nearlux,1
exposition,1
jd,1
disguise,1
ironic,1
tbn,1
mp,1
toyotaes,1
unsubstantiated,1
0w30,1
dummy,1
hamfooted,1
switchback,1
flashtune,1
expansion,1
190,1
corroborate,1
journaltoyota,1
avail,1
somethings,1
n2620,1
sils,1
blvd,1
americas,1
souls,1
un,1
gpsvoicetouch,1
quad,1
traditionally,1
allroad,1
suited,1
224k,1
presentation,1
mediagpsinfo,1
sarcastic,1
hummer,1
sold,1
coupea,1
begrudge,1
bidder,1
29050,1
standing,1
tarting,1
pity,1
46mo,1
trendsbmw,1
hostage,1
beeswax,1
mediadisk,1
fnseems,1
coarseness,1
preposterous,1
295lbs,1
trib,1
argghhh,1
1700,1
wan,1
goodyear,1
incredibly,1
snoozemobile,1
month10000,1
motorrad,1
dozen,1
clown,1
opposable,1
commission,1
powerhandlingmpg,1
oxford,1
sting,1
pulling,1
bitter,1
stretched,1
272hp295lbft,1
roger,1
ghey,1
suspensionwhich,1
positively,1
convenient,1
anna,1
specious,1
1955,1
windshields,1
graphite,1
36r,1
5k8k,1
b4,1
oild,1
tvs,1
appointment,1
whove,1
cablingwiring,1
stitching,1
crude,1
lost,1
craving,1
bumpertobumper,1
htoyotaoric,1
impede,1
uncertain,1
hydrant,1
isolation,1
moot,1
can,1
moldy,1
screwed,1
wellllll,1
lick,1
snowmobile,1
television,1
disremember,1
woudnt,1
anyones,1
ostentatious,1
600m,1
wcomp,1
frenchenglish,1
pearlescent,1
blade,1
stiffness,1
compressor,1
contains,1
…,1
downward,1
sweeney,1
powerpack,1
alphabet,1
lessstressed,1
re71s,1
blowup,1
200300,1
unionwide,1
unabashedly,1
render,1
buylease,1
yesthe,1
f01,1
tireroad,1
cleaner,1
19000,1
carsher,1
hardexpensive,1
driving—which,1
spiff,1
lamborghini,1
drovefelt,1
devote,1
septempebr,1
nov,1
xy,1
constoyota,1
contentwise,1
multibrand,1
goodie,1
hurtful,1
lke,1
competitiors,1
congestion,1
combined,1
professionals,1
mad,1
emphasize,1
drivelines,1
handlingit,1
suggestionsexperience,1
seriesespecially,1
poverty,1
richie,1
stingray,1
chryslerdodge,1
fordford,1
michevroletns,1
cornering,1
riche,1
brisk,1
onde,1
crush,1
blasphemy,1
seriesthis,1
publihonda,1
motoyotaed,1
i3rex,1
itd,1
macy,1
72,1
pitch,1
mindboggling,1
reluctant,1
falsify,1
chestnut,1
clamps,1
4cg,1
instructing,1
crosspollination,1
mushy,1
surplus,1
ultraluxury,1
forever,1
tendency,1
overlap,1
telsa,1
ecoboost,1
seatsnowhere,1
reputationoften,1
disservice,1
shelf,1
finely,1
f20,1
subtract,1
370motax,1
vegetable,1
enginesheres,1
pudding,1
verifiable,1
brooklyn,1
hostility,1
062015,1
linelane,1
35ds,1
thump,1
donkey,1
orangeyred,1
conversely,1
equating,1
squeak,1
45f,1
formally,1
c80,1
fuse,1
as8,1
fico,1
quickespecially,1
malfunctioning,1
andy,1
fnlooked,1
ws,1
reroutes,1
snowplow,1
embedded,1
audiusacom,1
crisply,1
saleen,1
colleague,1
vulnerable,1
toyotates,1
drivetrains,1
unmodified,1
midthirties,1
425hp,1
drill,1
highway21,1
acuraaudicla1series,1
ecar,1
champagne,1
30f,1
smoothest,1
sleazball,1
thoughtprovoking,1
lockunlock,1
errand,1
cchrysler,1
wiggle,1
genius,1
universitys,1
pour,1
bot,1
000001,1
mainly,1
novice,1
levelit,1
urban,1
hyundaicars,1
202k,1
visual,1
printout,1
amen,1
seemless,1
usage,1
sb,1
telegraph,1
dinged,1
figuratively,1
fabulous,1
eta,1
fluffy,1
„,1
bww,1
brings,1
64l,1
vastly,1
psa,1
xke,1
yeahprobably,1
crossover,1
cellphone,1
conditionsie,1
aficionado,1
invert,1
scs,1
threefour,1
toyotaers,1
communicates,1
storeand,1
touareg,1
upgrademazda,1
octogenrians,1
promotesell,1
coextoyota,1
rusty,1
cdnpinhead,1
kirstiethanks,1
imperceptible,1
unleash,1
parenthood,1
beneath,1
aromatic,1
purposely,1
nondas,1
noclueaboutcaddysschen,1
pusing,1
breakdowns,1
chicagonot,1
jus,1
developed,1
s4not,1
640,1
dinobmw,1
hourgreat,1
theoretically,1
discriminating,1
tragic,1
appetite,1
mtoyotayped,1
frequency,1
tides,1
subscription,1
redelivery,1
boxer,1
digest,1
volvo0,1
spartanburg,1
remorse,1
550m,1
stroll,1
recalculate,1
superslab,1
spamming,1
brokenin,1
archer,1
rollout,1
noteis,1
uphold,1
pill,1
shadowline,1
banner,1
dilution,1
darling,1
randomly,1
m2s,1
fwdrwdawd,1
dink,1
drivercontrolled,1
motortoyotas,1
girlfriend,1
vredesteinshod,1
supercar,1
insqueaks,1
avant,1
kate,1
80x,1
pounce,1
fncadillac,1
cloud,1
flanders,1
availableotherwise,1
resurface,1
gracious,1
mythical,1
cartridge,1
4921,1
immune,1
5especially,1
acurates,1
notwithstanding,1
symptom,1
tintcoat,1
e30,1
hotoyotaies,1
document,1
40800,1
showrooms,1
naming,1
loudmouth,1
burst,1
andresunless,1
1220,1
nicebut,1
il,1
lineprem,1
braddyou,1
extream,1
affluent,1
redo,1
320x,1
4mazdas,1
36900,1
carssee,1
bonuses,1
lid,1
soak,1
audiats,1
barrett,1
borderline,1
insignificant,1
perch,1
drivedct,1
pup,1
shag,1
techs,1
inconstoyotaent,1
e38,1
verse,1
1972,1
bigboy,1
holdback,1
bzzzz,1
renewal,1
markincincinati,1
f30sport,1
cave,1
pact,1
lotoyotaying,1
64,1
devil,1
pontificate,1
urbanrural,1
899,1
agent,1
lesee,1
lay,1
fingerprint,1
xc40,1
msports,1
pimpin,1
secured,1
newbie,1
giftit,1
wobegone,1
540i,1
fran,1
chainvanos,1
puck,1
oops,1
backround,1
148k,1
blizzak,1
paradejelly,1
muy,1
weary,1
phenomemon,1
inception,1
precision,1
audis5s,1
modifies,1
workaoround,1
narrower,1
purely,1
rationalize,1
trailer,1
182370,1
preventable,1
injection,1
luch,1
omit,1
cushy,1
motorweek,1
speedbumps,1
hurry,1
alfas,1
lure,1
blackblack,1
ownerwhose,1
sm,1
tangential,1
310,1
purpleviolet,1
helen,1
335mo,1
stunt,1
aa,1
possession,1
c90,1
implement,1
daylight,1
infast,1
walkman,1
aforementioned,1
m4gc,1
knees,1
hellcats8hp90,1
watchmaker,1
nicaragua,1
sportbikers,1
resident,1
amplify,1
129,1
vp,1
32550,1
soooo,1
fluke,1
logo,1
middlelevel,1
hyundaikiatoyotavolkswagenfilltheblank,1
ol,1
hapless,1
veneance,1
reevaluate,1
packdriver,1
damge,1
tweeks,1
est,1
snotoyotaery,1
37600,1
scraps,1
refuel,1
techie,1
unobtrusive,1
silling,1
terrify,1
tlongfor,1
pr,1
toadjusted,1
yacht,1
anticicapted,1
overpriced,1
subventing,1
53k,1
fixing,1
lev,1
argumentthe,1
liitle,1
siliness,1
markstill,1
shave,1
untouched,1
planted,1
smoother,1
176,1
outgrew,1
carryon,1
core,1
crossshopper,1
criticism,1
fillinthe,1
testament,1
perish,1
surenot,1
pricedependent,1
flagging,1
insanity,1
highbuck,1
reliabilitywarranty,1
hondatoyota,1
1992,1
exco,1
rushing,1
dictate,1
hockey,1
scientific,1
258,1
subdue,1
payroll,1
stutoyotaed,1
circlew,1
deauville,1
depts,1
coty,1
months—i,1
purty,1
moneygood,1
500month,1
crept,1
9156,1
pmt,1
1000ish,1
convinced,1
onair,1
whatzatstuff,1
socals,1
rentalloaners,1
errr,1
3070,1
999k,1
received,1
kias,1
englander,1
barge,1
goetynburgh,1
uplevel,1
wool,1
interconnects,1
cordoba,1
imprison,1
consolation,1
dtoyotaress,1
ms3currently,1
alert,1
repetitive,1
articleit,1
doctored,1
duplicate,1
casing,1
sudden,1
footing,1
203,1
angeles,1
brazen,1
brouhaha,1
scion,1
regs,1
prestigous,1
categorize,1
stiffer,1
qb,1
shoehorn,1
foundation,1
fender,1
howard,1
extrapolate,1
noted,1
volunteer,1
recover,1
4560k,1
grandpa,1
attain,1
fiasco,1
shelve,1
underwater,1
silverware,1
tripper,1
attends,1
forgive,1
persuaded,1
measurable,1
tailpipes,1
days—in,1
vowel,1
shrink,1
clas,1
fart,1
rca,1
grandkids,1
addons,1
pasadena,1
jefferson,1
virtue,1
1950s,1
156k,1
categoryexcept,1
firmly,1
galaxie,1
greasy,1
pretence,1
waiver,1
dtoyotaracted,1
450hp,1
stepbrother,1
searching,1
2day,1
filthy,1
readout,1
ams,1
kwh,1
2300,1
aaah,1
thickness,1
wo,1
behavioral,1
toureg,1
aspirational,1
eggxactly,1
reduced,1
bloodline,1
stain,1
excavator,1
premise,1
minithey,1
underwhelming,1
invalidate,1
nodded,1
tertiary,1
cart,1
transverse,1
kool,1
roller,1
prison,1
pot,1
promo,1
inheritance,1
stability,1
cautionary,1
colour,1
intrigue,1
ets,1
twofold,1
warranties,1
customize,1
mba,1
theaterconcert,1
259m,1
ctsbmw,1
oxcart,1
scrollers,1
antilock,1
ammunition,1
bemoan,1
610,1
hotoyotay,1
315,1
playa,1
ditch,1
dr,1
cherokee,1
manhattanites,1
raf,1
bread,1
premature,1
snowbank,1
preserve,1
rebuttal,1
gemcomparable,1
skis,1
finisher,1
prv,1
onthelot,1
ky,1
fsds,1
polka,1
enthuse,1
tally,1
retrospect,1
standpoint,1
28946,1
enthusiasts,1
disc,1
interms,1
art,1
chuckle,1
michaellyou,1
action,1
taller,1
sill,1
fanbase,1
quickwell,1
5997,1
precede,1
bmw7xs,1
unexpected,1
4at,1
drivesubaru00s,1
apr,1
heritage,1
hazmat,1
owned,1
airfilter,1
f22,1
n2026,1
08,1
000007,1
arrestmered,1
utilized,1
continuous,1
104k,1
thrid,1
1985,1
exservice,1
fire060,1
fnwould,1
circlecongrats,1
2516,1
unloved,1
element,1
construct,1
670k,1
exactlythat,1
techron,1
seaside,1
lousy,1
def,1
walkout,1
relentless,1
preobdii,1
restoyotaor,1
tango,1
4555,1
sum,1
duped,1
contest,1
designo,1
volkswagenaudiporsche,1
cdllc,1
snowboard,1
opposed,1
worship,1
ceo,1
chore,1
349,1
plot,1
continent,1
pogo,1
badyetbut,1
dampen,1
uf,1
exhuast,1
intelligence,1
shockedshocked,1
9gs,1
restorable,1
awaynany,1
ktoyotas,1
yicks,1
255hp,1
slim,1
softwarebut,1
50lbs,1
alternate,1
subscribe,1
8400,1
benjaminhf,1
wagony,1
intallment,1
122,1
105m,1
chrtoyotaler,1
knoxville,1
tlongmakes,1
plugs,1
assortment,1
beretta,1
dollarwise,1
invoke,1
wallons,1
ppimandatory,1
stayed,1
archaic,1
songsjk,1
fawn,1
wagonywagons,1
nissantility,1
acuration,1
luke,1
cote,1
superpower,1
acurazine,1
beginning,1
whe,1
highspec,1
q40infiniti,1
3rarely,1
anticipated,1
prepaid,1
1989,1
0708,1
defend,1
afaik,1
upswing,1
oxymoron,1
upward,1
fork,1
350s,1
trd,1
mpk,1
carssave,1
landslide,1
valuable,1
confine,1
broadly,1
85k,1
extremes,1
fixaflat,1
disprove,1
exactlyif,1
gangbusters,1
encouraging,1
aquí,1
severely,1
behemoth,1
bjc,1
masterpiece,1
c40,1
357,1
nonoil,1
retuned,1
m45,1
xt5,1
platinum,1
m,1
dangerously,1
mañana,1
cfos,1
sweenyou,1
minimexf,1
alternator,1
closed,1
aspiration,1
stage1,1
goat,1
perceptive,1
connector,1
arewere,1
nonauto,1
gearstotally,1
staunch,1
openly,1
coolingdown,1
brochure,1
goverments,1
ineligible,1
laggy,1
isif,1
bothered,1
candidate,1
cutlas,1
appreciation,1
wellbolstered,1
regtoyotaers,1
5355k,1
spunk,1
facebook,1
firedom,1
30mpg,1
posh,1
inviting,1
untoyotaueness,1
passionate,1
crowded,1
allude,1
cutoff,1
fifth,1
beverage,1
highrisk,1
33995,1
ususal,1
implication,1
qs,1
againunlikely,1
purchased,1
hisher,1
proliferate,1
inclined,1
mercedess,1
mitsubishis,1
illiterate,1
wit,1
10k15k,1
lesser,1
society,1
mighty,1
5580,1
practially,1
permutation,1
congratulate,1
cheapwarranty,1
stir,1
70000,1
reinvent,1
parenthesis,1
confirmation,1
lowerend,1
reacts,1
67000,1
dtoyotaraction,1
quit,1
nominal,1
jiffy,1
closest,1
loom,1
serveral,1
sabotage,1
warren,1
coupelike,1
powertorque,1
sportmsport,1
hint,1
viewer,1
brainer,1
oldsmobile,1
inquiry,1
markdont,1
vindicate,1
tends,1
9am,1
cg,1
pw,1
hid,1
markwell,1
ocd,1
dropand,1
dtoyotaant,1
fandom,1
takata,1
z51,1
way—youll,1
etc—about,1
5070,1
team,1
moderately,1
freak,1
prevalence,1
elec,1
316,1
dialog,1
dond,1
15t,1
attentive,1
nip,1
rudeness,1
defined,1
funk,1
goody,1
manyou,1
bloat,1
factbased,1
e3x,1
340i440i,1
varies,1
doushie,1
h,1
bulletproof,1
friends,1
palatable,1
indictment,1
signify,1
freehold,1
assault,1
irrestoyotaible,1
outweigh,1
lt,1
goldie,1
rbwhile,1
sixty,1
republic,1
302hp,1
verdict,1
667,1
times,1
funeral,1
ltoyotaalthough,1
salarydependent,1
99k,1
violent,1
minimize,1
symbol,1
tltchrysler,1
anticipates,1
heh,1
analyze,1
procedure,1
emerge,1
250hp,1
yeahthats,1
downmarket,1
makesmarket,1
canshould,1
frpp,1
174hp,1
called—believe,1
platforms,1
riot,1
obsess,1
crate,1
borefest,1
grudge,1
pale,1
yearend,1
reset,1
grown,1
ddodgeatic,1
sequence,1
donald,1
milesyr,1
loaf,1
torquey,1
sweenydog,1
incar,1
nat,1
slop,1
441,1
decontented,1
parachute,1
000049,1
nonnegotiables,1
reviewthanks,1
default,1
e36142k,1
149k,1
gallop,1
bonkers,1
1957,1
hydralic,1
chevette,1
hiker,1
bargainpriced,1
forth,1
sil,1
election,1
ither,1
356,1
fifteen,1
herd,1
58k,1
maymayhave,1
acurating,1
repsects,1
measuressuch,1
tightens,1
loook,1
1151,1
yearround,1
acuraeasypeezy,1
strikelike,1
hopeless,1
expensively,1
attest,1
z4s,1
emulate,1
relay,1
living,1
myrtle,1
keyless,1
camshaft,1
stratify,1
bizzarre,1
apologies,1
technicality,1
linetalking,1
resurgent,1
aspen,1
pricetag,1
heartedly,1
curse,1
followup,1
155k,1
commendable,1
20gb,1
wield,1
quartto,1
atmos,1
journal,1
dim,1
5at,1
isf,1
subarueer,1
sovients,1
58000,1
383,1
absurdly,1
smoke,1
nationwide,1
pizzazz,1
72month,1
modificationsall,1
coupon,1
quirky,1
projected,1
bible,1
antsy,1
pathetic,1
292,1
satch,1
instoyota,1
funnyi,1
wheeltrack,1
supportadjustments,1
dangle,1
introductory,1
60kand,1
stoyotaers,1
634,1
unplanned,1
500000,1
proliferation,1
antic,1
3634,1
fiveyear,1
bk,1
200lbs,1
exotics,1
markonce,1
made,1
7200,1
northeast,1
freeloaners,1
appreciating,1
grindingbinding,1
modelcompany,1
belies,1
sr,1
bling,1
retailer,1
gander,1
erik,1
universe,1
flagged,1
polly,1
roundel,1
aac,1
karma,1
development,1
goldeneared,1
blurbs,1
tearsand,1
median,1
decided,1
timecant,1
360,1
ridicule,1
emergency,1
linear,1
clarkson,1
oxr,1
4cylt,1
e60,1
chooses,1
clamor,1
adam,1
rut,1
22000,1
biscuit,1
zainos,1
handlingwith,1
cured,1
rigorously,1
1415k,1
packtech,1
berger,1
arlinpontiacn,1
believable,1
dissent,1
skyrocket,1
jr,1
compairs,1
extoyotas,1
translates,1
5cylinder,1
tailor,1
oveall,1
dashboardrides,1
zipcar,1
gage,1
320325,1
upgradable,1
36300,1
ltd,1
proclivity,1
12k36,1
telegraphs,1
bakersfield,1
commodity,1
styled,1
faint,1
holder,1
unpleasantly,1
maintenence,1
admiration,1
reliably,1
selfset,1
cl,1
csr,1
420m,1
helm,1
topoftheline,1
licensure,1
pocketbook,1
yr70,1
midtohigh,1
2999,1
happrn,1
rwdlike,1
4040,1
slicker,1
ltoyotaings,1
tuesday,1
gieco,1
knows,1
650i,1
40sguilty,1
bent,1
blks,1
naias,1
hazard,1
lionel,1
smokey,1
washable,1
79,1
262,1
database,1
eqipment,1
not—pope,1
superexquisite,1
drab,1
installation,1
dealerdriven,1
tidy,1
wellnigh,1
41400,1
lake,1
dtoyotaracting,1
cringe,1
averse,1
crust,1
00010,1
booteasily,1
tantamount,1
external,1
confines,1
master,1
mileyear,1
unjustly,1
fax,1
mcconaughey,1
tshirt,1
s70,1
entrench,1
coworker,1
103122,1
representative,1
digress,1
withdraw,1
hodgepodge,1
spectator,1
annoyance,1
bap,1
prtoyotaine,1
inspect,1
gente,1
slovenia,1
hone,1
allegedly,1
countercounterpoint,1
brazos,1
wrench,1
born,1
201112,1
digital,1
pinstripe,1
unparrallelled,1
dreary,1
highschool,1
viewpoint,1
encourage,1
328x,1
164,1
pavementsidewalks,1
buttonsknobsbut,1
geographic,1
jon,1
my2018,1
porsches,1
radically,1
fnit,1
6yr70k,1
infer,1
stack,1
wellrounded,1
decor,1
travelogue,1
subtlety,1
disastrous,1
thatnot,1
evo,1
jan,1
265,1
atrocious,1
genesee,1
dissatisfied,1
stupidityits,1
abandoned,1
taker,1
atlantic,1
terry,1
genises,1
residential,1
40kbut,1
dispatch,1
carbepa,1
notill,1
282,1
refresher,1
nyccarguy,1
apprised,1
reinvented,1
sully,1
withh,1
puppy,1
pushy,1
empire,1
rpthrough,1
restraint,1
bail,1
406,1
industrial,1
ranch,1
exceedingly,1
phateon,1
entity,1
3bmw,1
outdated,1
steeringroad,1
prominent,1
funding,1
overcomes,1
crease,1
segmenttraditional,1
separately,1
depositsbuildup,1
350hp,1
arrangement,1
dyson,1
precedent,1
eurosnob,1
3yrs,1
savior,1
dtoyotaurbance,1
bath,1
vanish,1
wrangle,1
advance20k,1
fnvery,1
lab,1
liability,1
1930,1
valuesresiduals,1
preproduction,1
185,1
knipping,1
330hp,1
conclude,1
650igc,1
audi0sx,1
39999,1
ora,1
congrates,1
exquisite,1
sauce,1
cheerleader,1
renaissance,1
oreo,1
corrola,1
sleek,1
roadsbut,1
capbility,1
sportlemans,1
nonprofessional,1
