song,523
...,442
's,383
â€™,371
n't,359
like,358
voice,290
good,273
go,267
get,252
performance,252
love,251
make,229
think,180
sing,172
choice,169
one,163
really,159
well,149
'm,141
show,131
Kelsea,129
best,129
would,124
great,122
top,117
see,115
Jackie,115
Alicia,112
sound,108
singer,108
season,108
12,105
Adam,100
win,95
much,92
save,91
need,90
vote,89
Christiana,88
know,85
team,84
want,84
artist,84
people,80
say,78
hear,78
country,76
Wilkes,75
bad,74
hope,72
time,70
guy,69
way,68
music,67
girl,67
still,66
Terrence,64
'',63
move,63
``,62
feel,62
note,62
Blake,61
pick,61
could,61
deserve,61
favorite,60
Love,60
last,60
look,59
even,59
mic,56
Voice,56
every,54
Kelly,53
Mia,53
take,52
choose,52
fan,51
always,50
piano,49
sad,48
tonight,47
thing,46
Reid,46
come,46
something,45
u,44
na,44
job,44
far,44
Drew,43
watch,43
've,43
style,43
competition,41
night,41
Dylan,40
3,40
lot,40
talented,39
amazing,39
right,39
many,39
man,38
contestant,38
unique,38
amaze,38
everyone,38
actually,37
give,37
keep,37
try,36
rob,36
ever,36
vocal,35
America,35
talent,34
beautiful,34
drop,34
tone,34
start,33
lol,33
believe,33
mean,33
live,33
ca,33
sure,32
Great,32
let,32
big,32
back,31
do,31
please,31
hit,31
stage,31
lose,31
sings,31
different,31
kind,31
low,30
eliminate,30
seem,30
little,30
Austin,30
bit,30
stay,30
high,30
though,30
hate,29
wrong,29
version,29
gon,29
someone,29
..,29
wish,29
year,28
Spensha,28
playoff,28
miss,27
'll,27
coach,27
since,27
bore,26
stand,26
stop,26
emotion,26
first,26
never,25
next,25
Wow,25
'd,25
're,25
listen,25
Top,25
WILKES,25
Kyla,25
home,25
work,24
anyone,24
Alexa,24
put,24
instead,24
whole,24
also,24
already,24
week,23
tell,23
happen,23
chance,23
cover,23
pitchy,23
Kaleb,23
key,23
range,22
change,22
deserves,22
end,22
honestly,22
dont,22
perform,21
run,21
advance,21
hard,21
dude,21
happy,21
kill,21
audition,20
pretty,20
anything,20
Omg,20
awesome,20
arrangement,20
play,20
opinion,20
OMG,20
sorry,20
boring,20
D.R,20
alicia,20
LOVE,20
Tish,19
ROBBED,19
Team,19
DR,19
Oh,19
another,19
enough,19
Hill,18
falsetto,18
Good,18
surprise,18
wait,18
begin,18
strong,18
literally,18
wow,18
new,18
definitely,18
didnt,18
dislike,17
find,17
Brynn,17
Michael,17
Please,17
glad,17
else,17
Im,17
beat,17
use,17
world,17
hand,17
comment,17
understand,17
place,17
wtf,16
Lauryn,16
Best,16
Bieber,16
VOICE,16
cause,16
sang,16
perfect,16
album,16
nice,16
person,16
others,16
Pryor,16
break,16
wo,15
genre,15
behind,15
kinda,15
felt,15
Johnny,15
Hope,15
Rayshun,15
eye,15
special,15
two,14
public,14
mad,14
--,14
winner,14
final,14
spot,14
2,14
call,14
terrible,14
Damn,14
adam,14
original,14
singing,14
Man,14
Go,14
presence,14
probably,14
blind,14
Really,14
day,14
vocalist,14
real,14
band,14
horrible,14
leave,14
jazz,13
reason,13
4,13
rendition,13
mind,13
Gary,13
maybe,13
away,13
record,13
woman,13
flat,13
remember,13
around,13
de,13
may,13
old,13
obvious,13
finale,13
que,13
One,13
enjoy,13
Sorry,13
Buble,13
tomorrow,13
damn,13
word,13
ALICIA,13
robbed,13
point,13
Beautiful,13
Country,13
audience,13
video,13
ğŸ˜,13
fall,13
Like,12
decision,12
expect,12
performer,12
turn,12
underrated,12
sexy,12
zone,12
Keys,12
â€œ,12
part,12
round,12
comfort,12
quite,12
God,12
ok,12
bring,12
tune,12
Britton,12
cool,12
power,12
might,12
step,12
tbh,12
become,12
scream,12
People,12
pop,12
1,12
Terrance,11
hop,11
pitch,11
ğŸ˜­,11
knockout,11
First,11
American,11
Justin,11
versatile,11
crazy,11
rather,11
future,11
PLEASE,11
classic,11
blake,11
hair,11
least,11
â¤,11
omg,11
â¤ï¸,11
nothing,11
matter,11
im,11
Sharane,11
potential,11
8,11
root,10
y'all,10
better,10
care,10
remind,10
â€,10
queen,10
true,10
rock,10
rest,10
ğŸ˜‚,10
today,10
ADAM,10
Well,10
cute,10
Everyone,10
100,10
type,10
guess,10
heart,10
overrate,10
CHRISTIANA,10
Amazing,10
mistake,10
solid,10
emotional,10
Even,10
forward,10
Thank,10
Lol,10
struggle,10
doubt,10
wonder,10
Keep,10
Carrie,10
moment,10
oh,10
buy,10
agree,10
long,10
proud,10
support,10
hat,9
Ok,9
control,9
head,9
e,9
hold,9
luck,9
must,9
sung,9
easily,9
annoy,9
Gwen,9
karaoke,9
totally,9
anymore,9
jackie,9
Chris,9
WIN,9
epic,9
fantastic,9
Sad,9
Yes,9
freak,9
follow,9
side,9
absolutely,9
ear,9
favorites,9
incredible,9
face,9
seriously,9
life,9
young,9
ability,9
almost,9
without,9
artistry,9
nail,9
star,9
career,9
judge,9
tho,8
N'T,8
performs,8
single,8
suit,8
course,8
appreciate,8
clearly,8
REALLY,8
gospel,8
etc,8
okay,8
MUCH,8
ğŸ˜¢,8
soul,8
TOP,8
Idol,8
ur,8
'S,8
selection,8
voz,8
Much,8
blah,8
voting,8
explain,8
slay,8
upset,8
heard,8
idol,8
Queen,8
yet,8
Adele,8
truly,8
popular,8
past,8
F,8
deal,8
fact,8
fav,8
huge,8
Twitter,8
similar,8
phenomenal,8
allow,8
format,7
talk,7
likely,7
Also,7
sweet,7
wan,7
Sarayah,7
GOD,7
Would,7
complete,7
mess,7
knew,7
name,7
christiana,7
favourite,7
Stop,7
completely,7
kelsea,7
shame,7
Sinatra,7
throughout,7
poor,7
risk,7
channel,7
smh,7
versatility,7
Instead,7
AMAZING,7
Wtf,7
ruin,7
Come,7
U,7
black,7
either,7
excite,7
vibe,7
cuz,7
pander,7
draw,7
en,7
ONE,7
austin,7
expression,7
cost,7
Robbed,7
Boring,7
stuff,7
battle,7
WOW,7
blow,7
thats,7
hurt,7
wilkes,7
interesting,7
hype,7
help,7
Ca,7
r,7
King,7
Ugh,7
n,7
add,7
able,7
piss,7
Nice,7
vibrato,7
fell,7
continue,7
awful,7
Let,7
notice,7
hell,7
view,7
Idk,7
everything,7
smooth,6
stick,6
lil,6
Season,6
wonderful,6
BEST,6
whatever,6
Wait,6
dark,6
act,6
Maybe,6
pro,6
industry,6
beyond,6
america,6
sometimes,6
BETTER,6
ta,6
admit,6
confidence,6
buble,6
history,6
Girl,6
musical,6
WAY,6
saw,6
JACKIE,6
soon,6
especially,6
clear,6
stupid,6
Christina,6
af,6
full,6
YES,6
NEED,6
send,6
GIRL,6
breath,6
shock,6
Playoffs,6
thru,6
Still,6
decide,6
reminds,6
TEAM,6
second,6
idea,6
Wrong,6
ya,6
fine,6
belt,6
rig,6
smart,6
iTunes,6
IM,6
muy,6
personally,6
speak,6
dress,6
soo,6
beginning,6
vibes,6
surprised,6
kid,6
soooo,6
exactly,6
cant,6
problem,6
bless,6
liked,6
Tbh,6
church,6
feeling,6
da,6
deep,6
Foster,6
murder,6
turtleneck,6
weird,6
shaky,6
finally,6
Loved,6
negative,5
studio,5
BELIEVE,5
improve,5
less,5
hot,5
por,5
yall,5
Stevie,5
Haynes,5
GO,5
Nothing,5
Standouts,5
Perfect,5
near,5
powerhouse,5
5,5
Something,5
Anyone,5
la,5
thought,5
Americans,5
Frank,5
mia,5
chair,5
half,5
however,5
walk,5
Shes,5
Finally,5
swag,5
Giorgio,5
tired,5
quality,5
DESERVED,5
Glad,5
american,5
ğŸ™„,5
sleep,5
underrate,5
read,5
twist,5
push,5
four,5
se,5
facial,5
lmao,5
https,5
honest,5
simply,5
v,5
pls,5
thank,5
PERFECT,5
viewer,5
light,5
weak,5
DESERVE,5
skill,5
fire,5
taste,5
suck,5
GOOD,5
McDonald,5
ahead,5
ai,5
odd,5
Monday,5
livia,5
SOMETHING,5
flawless,5
showcase,5
surely,5
idk,5
microphone,5
obviously,5
BublÃ©,5
obsess,5
forget,5
yes,5
set,5
level,5
handle,5
powerful,5
Sullivan,5
interpretation,5
blue,5
yesterday,5
producer,5
compare,5
b,5
female,5
Next,5
NEEDS,5
sick,5
ğŸ˜ğŸ˜ğŸ˜,5
list,5
early,5
incredibly,5
muito,5
mark,5
passion,5
3rd,5
hill,5
musician,5
Song,5
Someone,5
donut,5
Never,5
Every,5
destroy,5
technique,5
fit,5
important,5
faith,5
insane,5
kelly,5
hahaha,5
SING,5
base,5
YouTube,5
ugh,5
chill,5
Speak,5
pay,5
line,5
SONG,5
SEASON,5
favor,4
deliver,4
transition,4
Underwood,4
experience,4
ago,4
write,4
Petty,4
gorgeous,4
par,4
lady,4
twitter,4
Seriously,4
tv,4
performances,4
B,4
MAKE,4
Canta,4
overall,4
everybody,4
terrence,4
Honestly,4
ma,4
VOTE,4
release,4
Matt,4
WOAH,4
Wonder,4
doesnt,4
fail,4
OH,4
Though,4
awkward,4
bite,4
perfectly,4
Watch,4
Horrible,4
professional,4
confused,4
several,4
originality,4
king,4
hopefully,4
baby,4
middle,4
pure,4
thinking,4
Diva,4
remain,4
swear,4
soft,4
steal,4
Mark,4
R,4
However,4
confuse,4
national,4
Guys,4
congrats,4
goosebump,4
pray,4
SAVE,4
voter,4
artists,4
GONE,4
Bad,4
gotten,4
twice,4
top12,4
throw,4
example,4
TERRENCE,4
Kinda,4
dream,4
QUEEN,4
michael,4
technical,4
lane,4
disappointed,4
thousand,4
ridiculous,4
tiene,4
brilliant,4
tire,4
Miranda,4
retweets,4
bounce,4
entire,4
sell,4
successful,4
fave,4
actual,4
generation,4
nervous,4
wanted,4
shes,4
cry,4
respect,4
PEOPLE,4
somebody,4
open,4
alexa,4
DAMN,4
meh,4
clean,4
attention,4
complain,4
laine,4
super,4
PERFORMANCE,4
simple,4
http,4
majority,4
slow,4
neck,4
god,4
comfortable,4
Overrated,4
check,4
episode,4
bye,4
force,4
unfortunately,4
Remember,4
WÃ©,4
Danielle,4
goddess,4
soulful,4
troll,4
nerve,4
dynamic,4
Although,4
ASAP,4
lyric,4
making,4
everytime,4
Mic,4
identity,4
along,4
thanks,4
contest,4
Tom,4
laugh,4
connection,4
mainstream,4
anthem,4
Winner,4
system,4
ğŸ˜”,4
strange,4
produce,4
Unique,4
WELL,4
issue,4
game,4
Plus,4
melody,4
sense,4
bash,4
badly,4
certain,4
factor,4
guitar,4
Sarah,4
male,4
presentation,4
front,4
outfit,4
com,4
movie,4
Gon,4
watching,4
natural,4
MUST,4
flaw,4
interest,4
WTF,4
effort,4
build,4
minute,4
money,4
Okay,4
charisma,4
10,4
balance,3
personal,3
Rayshunn,3
V,3
REID,3
Morris,3
park,3
personality,3
option,3
Generic,3
Vote,3
alone,3
EVER,3
1st,3
none,3
LIKE,3
generic,3
WINNER,3
dope,3
state,3
yeah,3
TV,3
joke,3
Blue,3
success,3
appearance,3
exposure,3
Take,3
Lambert,3
injustice,3
suppose,3
ğŸ‘ğŸ‘ğŸ‘ğŸ‘,3
CA,3
Performance,3
haha,3
Terrible,3
relationship,3
instrument,3
brynn,3
Anyway,3
bland,3
bc,3
Make,3
1:42,3
label,3
1:16,3
contender,3
previous,3
among,3
Awful,3
iconic,3
normal,3
Jade,3
appeal,3
youtube,3
gift,3
Hey,3
ordinary,3
ğŸ˜«,3
Incredible,3
lo,3
bird,3
Nope,3
Shelton,3
Karaoke,3
folk,3
NA,3
ğŸ‘,3
CHOICE,3
learn,3
predictable,3
outside,3
raspy,3
chose,3
Show,3
2018,3
enunciate,3
average,3
Brazil,3
strain,3
6,3
recognize,3
horse,3
result,3
structure,3
Hoping,3
vocally,3
Brandy,3
Stapleton,3
Hes,3
ğŸ’”,3
bluesy,3
ready,3
pull,3
close,3
cut,3
yikes,3
straight,3
McAndrew,3
decent,3
SAD,3
Hunter,3
Music,3
medium,3
.I,3
HOT,3
Probably,3
usually,3
P,3
PICK,3
John,3
Smh,3
bottom,3
lagu,3
IMO,3
recording,3
Sadly,3
pony,3
ğŸ˜•,3
anyway,3
Truly,3
consistent,3
bla,3
crush,3
Maren,3
excited,3
besides,3
Wish,3
it..,3
quickly,3
intense,3
Mary,3
direction,3
riff,3
lucky,3
AMERICA,3
command,3
TheVoice,3
connect,3
SONGS,3
Levine,3
bet,3
louder,3
Based,3
el,3
disappoint,3
raw,3
patriotic,3
suspect,3
Judith,3
TIME,3
imma,3
rid,3
CD,3
consider,3
haunt,3
dance,3
energy,3
prove,3
individual,3
stack,3
Noah,3
funny,3
.he,3
Jazmine,3
Ela,3
leg,3
order,3
yell,3
alot,3
extremely,3
authentic,3
movement,3
Brasil,3
bored,3
therefore,3
Smart,3
register,3
stank,3
Soul,3
EVEN,3
â€˜,3
Get,3
Definitely,3
road,3
WORST,3
'M,3
flow,3
ppl,3
Unfortunately,3
select,3
Apple,3
attempt,3
genuinely,3
famous,3
pero,3
screw,3
nest,3
Absolutely,3
dylan,3
Sa,3
Funny,3
Way,3
Hozier,3
scene,3
Sanchez,3
imo,3
offer,3
MIA,3
meet,3
golden,3
HEAR,3
Hate,3
Ã©,3
creative,3
except,3
Yeah,3
ğŸ’œ,3
cara,3
candy,3
WTH,3
trick,3
pas,3
hiding,3
safe,3
songs,3
ğŸ˜ª,3
justice,3
Brilliant,3
often,3
credit,3
together,3
sake,3
rating,3
Awesome,3
lauryn,3
dis,3
wasnt,3
anybody,3
mother,3
deaf,3
Ray,3
Mcdonald,3
spin,3
title,3
usual,3
realize,3
blew,3
Better,3
modern,3
sit,3
skin,3
Bria,3
loose,3
recover,3
thin,3
ive,3
sadly,3
Sing,3
Isaiah,3
14,3
mediocre,3
4th,3
um,3
aside,3
ğŸ“¼âœŒğŸ¤ğŸ¶ğŸµğŸ¼â¤ğŸ‘â˜º,3
KNOW,3
los,3
extra,3
backup,3
diversity,3
Stupid,3
worst,3
sus,3
chorus,3
Underrated,3
plain,3
Rock,2
present,2
legit,2
SHES,2
DIÃ“S,2
perf,2
GOT,2
CANT,2
impressive,2
ground,2
Star,2
disappointing,2
practically,2
offense,2
performances..I,2
kaleb,2
Wonderful,2
nearly,2
HOME,2
KING,2
hating,2
ANDERSON,2
pissed,2
STINGY,2
wearing,2
apparently,2
boy,2
relax,2
display,2
â˜¹ï¸,2
matt,2
1:39,2
skit,2
performance..,2
messy,2
superb,2
jazzy,2
ughhhh,2
Either,2
everyday,2
Sure,2
urself,2
manage,2
fanbase,2
gal,2
equally,2
wannabe,2
USA,2
butt,2
ğŸ˜‘,2
//www.youtube.com/watch,2
Watching,2
social,2
accident,2
Opinion,2
passionate,2
lie,2
crowd,2
Excellent,2
radio,2
preferred,2
willing,2
shine,2
skinny,2
friend,2
ignore,2
journey,2
Wth,2
Evans,2
unfair,2
repetitive,2
return,2
pleasant,2
stone,2
funner,2
ğŸ‘ğŸ‘ğŸ‘,2
GOOSEBUMPS,2
mute,2
bro,2
Ughh,2
Kelsey,2
mix,2
COMEBACK,2
Dear,2
sharp,2
forehead,2
saved,2
dare,2
preformance,2
hozier,2
Tonight,2
amazingly,2
lounge,2
Adams,2
Legend,2
bloodbath,2
Got,2
impress,2
PRINCE,2
west,2
una,2
Dominique,2
he,2
Rainha,2
Hell,2
Last,2
speaker,2
EDIT,2
ğŸ˜€,2
ğŸ¤·ğŸ½â€â™€ï¸,2
Black,2
nation,2
Boo,2
SUPPOSED,2
Lovely,2
Y'all,2
YA,2
LOST,2
BLAME,2
earn,2
member,2
upload,2
technically,2
regret,2
Check,2
Might,2
lado,2
SEE,2
chanel,2
human,2
humble,2
strength,2
LOVED,2
sir,2
lay,2
imagine,2
Super,2
Praying,2
tried,2
family,2
isso,2
Charles,2
body,2
Competition,2
elimination,2
Interesting,2
Back,2
WOULD,2
fair,2
dear,2
free,2
MADE,2
Sounds,2
.she,2
ğŸ’Ÿ,2
yr,2
Nashville,2
sort,2
KelseaJohnsonIsRobbed,2
Frankly,2
dam,2
quit,2
entirely,2
package,2
unlike,2
beauty,2
kick,2
AF,2
Personally,2
chest,2
Carney,2
subtle,2
instant,2
kelsea..,2
relevant,2
interpret,2
basically,2
bum,2
rehearse,2
Aside,2
insult,2
BLAKE,2
Toni,2
Sometimes,2
marry,2
brother,2
aqui,2
cantar,2
Falsetto,2
Tomorrow,2
ewww,2
ğŸ˜‰,2
praise,2
practice,2
makeup,2
VOice,2
snatch,2
Elton,2
class,2
SICK,2
sub,2
GET,2
cousin,2
ğŸ˜ğŸ˜ğŸ˜ğŸ˜,2
possibly,2
impromptu,2
shot,2
pass,2
DYLAN,2
war,2
freakin,2
ğŸ˜,2
hun,2
easy,2
resonance,2
agen,2
Congrats,2
SOUL,2
million,2
knock,2
ğŸ’”ğŸ’”ğŸ’”ğŸ’”ğŸ’”,2
Morrissey,2
unless,2
Live,2
chosen,2
reaction,2
lit,2
James,2
lifetime,2
choir,2
uhn,2
regardless,2
dt,2
perfomance,2
India,2
TISH,2
got,2
situation,2
fool,2
w,2
appear,2
Change,2
JOB,2
Thevoicerocks,2
wear,2
VoicePlayoffsTerrence,2
jeez,2
Creep,2
TeamWILKES,2
pity,2
BeyoncÃ©,2
NAME,2
WORLD,2
Dark,2
Majority,2
chaka,2
PISSED,2
INCREDIBLE,2
woah,2
negativity,2
QUEEEN,2
bar,2
Outstanding,2
Blige,2
Singer,2
E,2
bella,2
Prince,2
ratio,2
Dean,2
large,2
applaud,2
overseas,2
raise,2
Ben,2
repeat,2
Simpson,2
khan,2
lack,2
ğŸ˜£,2
Caralho,2
rasp,2
Real,2
killer,2
handsome,2
mucho,2
lmaooo,2
COME,2
boat,2
SLAYED,2
outro,2
MOVE,2
experiment,2
nope,2
ğŸ˜©,2
May,2
dreadful,2
amirite,2
Janice,2
Soooo,2
Job,2
Spensa,2
Issa,2
1:26,2
Lmao,2
Simmons,2
nicely,2
THANK,2
Average,2
lah,2
finish,2
frank,2
ELIMINATED,2
indeed,2
Yet,2
trash,2
somewhere,2
core,2
song..,2
shocked,2
Beginning,2
KELSEA,2
huh,2
BEYOND,2
Dreams,2
unoriginal,2
camera,2
wore,2
Regardless,2
download,2
Props,2
Head,2
bear,2
dr,2
Meh,2
faves,2
momentum,2
gold,2
land,2
develop,2
PLEASEEEE,2
2nd,2
Lauren,2
calm,2
favoritas,2
ğŸ”¥,2
algo,2
toss,2
Everybody,2
â¤ï¸â¤ï¸â¤ï¸,2
standout,2
WÃ¨,2
genuine,2
bias,2
Favorite,2
l,2
despite,2
mi,2
FAR,2
Fire,2
11,2
Studio,2
July,2
go..,2
Bro,2
niche,2
humanity,2
w/o,2
Smoke,2
refresh,2
Christ,2
GON,2
Happy,2
Jesus,2
CONTINUE,2
DAYM,2
naturally,2
Day,2
possible,2
Butchered,2
alto,2
JB,2
truth,2
claim,2
correct,2
showcased,2
Anderson,2
chord,2
tear,2
house,2
STEFANI,2
FACE,2
Talented,2
execution,2
compliment,2
uk,2
plan,2
XD,2
distract,2
Vocally,2
question,2
BAD,2
texture,2
East,2
Bring,2
stereotype,2
angel,2
die,2
water,2
Beautifully,2
exact,2
Miller,2
LAST,2
Bliss,2
canta,2
12ğŸ˜­,2
Singtish,2
fault,2
absolute,2
V.,2
doll,2
gutsy,2
Cuz,2
ğŸ’•,2
quick,2
ton,2
Bored,2
reach,2
Wig,2
forgive,2
sin,2
piece,2
competitive,2
RnB,2
shake,2
Elvis,2
warm,2
spotlight,2
britton,2
ğŸ’,2
EVERY,2
limit,2
blame,2
toe,2
loud,2
1:14,2
duet,2
Nicely,2
Slay,2
prepared,2
fast,2
TONIGHT,2
clothes,2
ğŸ’¯,2
nooo,2
sabotage,2
NOOOO,2
red,2
lord,2
Linda,2
FINALLY,2
dog,2
SPOILERS,2
TBH,2
En,2
Name,2
disappointment,2
Bravo,2
twang,2
hairdo,2
Luv,2
drew,2
replay,2
character,2
left,2
common,2
rhythm,2
hay,2
sooo,2
Luther,2
tem,2
KIDDING,2
barely,2
stylist,2
YESSSS,2
hatin,2
-_-,2
hater,2
Wade,2
ğŸ˜’,2
DAT,2
ignorant,2
five,2
High,2
listening,2
forever,2
ğŸ”¥ğŸ”¥ğŸ”¥,2
intend,2
demais,2
soooooo,2
Biggest,2
dang,2
window,2
grow,2
Verna,2
Male,2
correctly,2
mcdonald,2
AI,2
Earth,2
ot,2
sooooo,2
short,2
mate,2
hide,2
DISLIKES,2
case,2
Rise,2
eh,2
2.0,2
WRONG,2
SHOCKED,2
double,2
shouldnt,2
fully,2
vs,2
match,2
EAST,2
buena,2
JESUS,2
crap,2
THO,2
lower,2
'we,2
standard,2
compete,2
.get,2
provide,2
END,2
Hmm,2
Worst,2
longer,2
tough,2
hearing,2
beautifully,2
breathing,2
hey,2
te,2
ğŸ˜ğŸ˜,2
till,2
belongs,2
12..,2
beast,2
Emily,2
Instagram-,2
program,2
WHOLE,2
yo,2
improv,2
describe,2
powerhousesinger,2
kau,2
reference,2
musicality,2
con,2
Try,2
number,2
ğŸ˜ğŸ˜ğŸ˜ğŸ˜ğŸ˜,2
Literally,2
National,2
diverse,2
See,2
air,2
serious,2
cheesy,2
Cole,2
loved,2
Sa'Rayah,2
pride,2
Christian,2
message,2
current,2
shouldve,2
business,2
Fast,2
Luke,2
Nooo,2
J,2
fix,2
Always,2
Boostrom,2
h,2
Unpopular,2
join,2
lovely,2
bem,2
intentionally,2
comp,2
consistency,2
boycott,2
signature,2
Cristiana,2
anywhere,2
own,2
wave,2
non-country,2
measure,2
sanging,2
Braxton,2
somehow,2
Jaz,2
Little,2
Facebook-,2
technicality,2
Artist,2
mike,2
local,2
interested,2
prefer,2
foolish,2
waste,2
mostly,2
realise,2
tackle,2
LOSE,2
white,2
16,2
replace,2
track,2
unfairly,2
phrase,2
FantÃ¡stico,2
boyfriend,2
GWEN,2
floor,2
Rayah,2
overrated,2
Island,2
main,2
Imagine,2
verse,2
brown,2
school,2
apart,2
unpredictable,2
rayah,2
dumb,2
color,2
Yessss,2
Youtube,2
ğŸ’™,2
Imma,2
Jackson,2
GREAT,2
constantly,2
Big,2
grace,2
Win,2
â¤ï¸â¤ï¸,2
Stay,2
random,2
roof,2
.what,2
surprisingly,2
Tracy,1
changing,1
celebration,1
monday,1
Woooooow,1
Nina,1
AAAGH,1
BLINDED,1
sphincter,1
AHH,1
awesome..,1
Right,1
KEY,1
MAYBE,1
phrasing,1
VOTES,1
bent,1
bomb5,1
onto,1
Stefani,1
ideia,1
Shi'Ann,1
Danny,1
Janeiro,1
suitable,1
JF,1
uma,1
min,1
Lack,1
advancing,1
genius,1
x,1
mean..all,1
Aiming,1
Courageous,1
devestating,1
1000,1
unknowledgeable,1
suave,1
Um,1
ray,1
GIFT,1
heck,1
Gal,1
Kind,1
offensive,1
JusticeforDrew,1
COuld,1
Hill/Jazmine,1
ğŸ˜ ,1
Keke,1
ğŸ˜‚ğŸ˜‚ğŸ˜‚ğŸ˜‚,1
lock,1
please..,1
ANYTHING,1
Celine,1
Palmer,1
Nyong'o,1
Ouch,1
pseudo-experts,1
REMINDS,1
much..,1
ping,1
boim,1
champion,1
charge,1
..LOST,1
AMBUM,1
Sa'rayah,1
lorhhh..,1
Weak,1
witness,1
inspirational,1
singers..and,1
WAN,1
sentimento,1
Memorable,1
lady..,1
THING,1
David,1
indicator,1
tiger,1
EVERYONE,1
ByeğŸ˜‚ğŸ˜‚,1
-boring,1
forgets,1
YOURE,1
Nat,1
Carrington,1
lindamente,1
nobody,1
LAme,1
daymn,1
darker,1
door,1
confusion,1
Lets,1
100000000,1
zuri,1
REAL,1
cheeky,1
nos,1
Jaclyn,1
storytelling,1
AMAZIIIIING,1
sundee,1
normani,1
disagree,1
porcaria,1
it.ğŸ·ğŸ¶,1
correÃ§Ã£o,1
round..,1
croon,1
Moon,1
understood,1
romp,1
Versatile,1
tea,1
overrated..,1
yasss,1
Thumbs,1
surprising,1
g,1
â¤â¤,1
bok,1
downloads,1
R.O.B.B.E.D,1
quiet,1
Ooooweeee,1
Tribune,1
Ah,1
itğŸ™,1
.Christiana,1
hungry,1
Essa,1
Rihanna,1
contemporary,1
climactic,1
chris,1
mental,1
Everytime,1
Headlight,1
Artists,1
apagarÃ­a,1
STUPID,1
wasnÂ´t,1
Noooooo,1
bright,1
El,1
baterista,1
specialize,1
decirme,1
revelation,1
mixed,1
sei,1
Schuler,1
wha,1
gak,1
escucharÃ­a,1
queenğŸ˜ğŸ˜ğŸ˜ğŸ˜,1
TEAMJACKIEV,1
training,1
emotions.He,1
contort,1
Church,1
VoicePlayoffsTerrance,1
SOrry,1
ğŸŒš,1
tragic,1
altos,1
KNOU,1
ğŸ’—,1
RIGHTFULLY,1
Ğ¼Ğ¾Ğ»Ğ¾Ğ´ĞµÑ†,1
time..,1
blasphemy,1
Jason,1
performances..,1
bt,1
him..,1
honesty,1
'Edge,1
studs,1
CHOOSE,1
suggest,1
volume,1
er,1
solar,1
fk,1
embrace,1
nailed,1
pressure,1
WILKESmusic,1
tangent,1
sido,1
coutry,1
ğŸ¤£ğŸ˜‚ğŸ˜‚,1
towards,1
MAN,1
Four,1
kitchen,1
product,1
homeğŸ˜­ğŸ˜­,1
Truth,1
loving,1
tool,1
MAAAD,1
ğŸ˜–,1
BOOING,1
THINK,1
humor,1
harmonica,1
v=8udW2pkPFIU,1
impressed,1
II,1
AROUND,1
alssup,1
ğŸ˜ ğŸ˜ ğŸ˜ ğŸ˜ ğŸ˜ ğŸ˜ ,1
80,1
j,1
defend,1
critical,1
mold,1
ğŸ˜â¤,1
knee,1
Choices,1
Coach,1
uh,1
thong,1
'D,1
intentional,1
.ğŸ’ªğŸ˜¥ğŸ˜¥ğŸ˜¥ğŸ˜ªğŸ˜ªğŸ˜ª,1
RIGHT,1
continuously,1
singing/rap,1
me..,1
5th,1
Disslike,1
jealous,1
MAJORITY,1
Mountain,1
NOOOOOOOOOOOOOÃ–OO,1
excellent,1
underwhelming,1
PrayersForChristiana,1
deberÃ­an,1
Radiohead,1
silently,1
Liked,1
//www.star2.com/entertainment/2017/10/04/the-voice-song-choices/,1
fnally,1
13,1
-American,1
givin,1
.middle,1
1:53,1
Eh,1
illusion,1
horrivel,1
GIVING,1
tore,1
promise,1
idc,1
wTF,1
LIMITS,1
Early,1
ğŸ˜ğŸ’¯â¤ï¸,1
Juro,1
Theodosia,1
SORRY,1
normally,1
ğŸ™Š,1
Afraid,1
ğŸ’–ğŸ’–,1
TODAY,1
flowy,1
jasmine,1
joint,1
yay,1
monkey,1
jar,1
board,1
bestğŸ˜,1
individuality,1
Jasmine,1
intensity,1
AWESOME,1
suas,1
pleasing,1
goood,1
esto,1
House,1
Someaone,1
throug,1
stunning,1
havent,1
wed,1
BIGGGG,1
sanatra,1
GARY,1
Redbone,1
THATS,1
UNIQUE,1
WARNED,1
preference,1
gwen,1
noticed,1
idiotic,1
Brick,1
terrorist,1
Going,1
pad,1
babe,1
skip,1
weekend,1
carry,1
Arena,1
1:38,1
pain,1
truthful,1
toward,1
worsen.Its,1
ğŸ‘ğŸ‘ğŸ‘ğŸ‘,1
ORIGINALITY,1
mmkay,1
omgggg,1
ashtray,1
Voz,1
0:28,1
Ultimately,1
Brooke,1
loss,1
linda,1
AGAK,1
genial,1
Coumbia,1
Showed,1
jaja,1
FIGHT,1
baaack,1
tambiÃ©n,1
launch,1
xRes3K502y0tXtpa.99,1
sacrilegious,1
Yayy,1
jaz,1
ğŸ˜‚ğŸ™Œ,1
Ğ¡Ğ½Ğ¸ĞºĞµÑ€Ñ,1
miss/mister,1
entrance,1
winğŸ˜ğŸ’™ğŸ”¥,1
Fvck,1
torcida,1
TRULY,1
Give,1
PRYOR,1
STAKES,1
Rihana,1
necessarily,1
GLAD,1
.OMG,1
este,1
Davis,1
forgettable,1
disrespectful,1
HAHA,1
remarkable,1
Ahh,1
adele,1
Eye,1
Say,1
incorporate,1
estÃ£o,1
liveshows,1
ROOTING,1
pitch-wise,1
show..,1
protect,1
Chaka,1
vuelvo,1
strong/long,1
â¤ï¸ğŸ™ŒğŸ»,1
T_T,1
ğŸ‘ğŸ½ğŸ‘ğŸ½ğŸ‘ğŸ½ğŸ‘ğŸ½ğŸ‘ğŸ½,1
Whereas,1
HIGH,1
position,1
musiv,1
FEEL,1
Fitzgerald,1
tÃ¡,1
typecast,1
spend,1
insanely,1
melodie,1
1:40,1
peeeps,1
gustÃ³,1
BUS,1
three,1
ğŸ”¥ğŸ”¥ğŸ”¥ğŸ”¥ğŸ”¥â¤ï¸,1
sentado,1
intact,1
Nem,1
picked,1
UNIQUENESS,1
Brennley,1
Classic,1
wierd/off..,1
Simone,1
definite,1
Oooh,1
Jess,1
voiceğŸ’—ğŸ’—,1
Luck,1
derive,1
ğŸ†,1
si,1
Justice,1
Hopefully,1
LIKES,1
lotta,1
Huge,1
EXCELLENT,1
til,1
brave,1
phenom,1
trust,1
Witherspoon,1
Wei,1
hipster,1
Sang,1
stink,1
Leigh,1
observation,1
Sugarland,1
beeeautiful,1
Mitchell,1
laren,1
clue,1
ğŸ˜´,1
this.,1
Low,1
evil,1
chart,1
disspoint,1
doze,1
sadğŸ˜“,1
promotes,1
TishğŸ˜«ğŸ˜«ğŸ˜«ğŸ˜«,1
underdogs,1
citizen,1
thier,1
Mmmmmmh,1
ğŸµğŸ’œğŸ‘â—â—â—â—â—â—,1
lots,1
slight,1
showman,1
doenst,1
Shady,1
RAYSHANN,1
arrangments,1
Indian,1
Micheal,1
ğŸ˜,1
bunda,1
Disappointing,1
billion,1
ğŸƒâ€â™€ï¸ğŸƒâ€â™€ï¸ğŸƒâ€â™€ï¸ğŸ˜ŠğŸ˜ŠğŸ˜Š,1
homeğŸ˜‚ğŸ˜‚ğŸ˜‚,1
moonwalks,1
Without,1
half-step,1
teamaliciağŸ’™,1
ğŸ’‹ğŸ’‹ğŸ’‹ğŸ’‹ğŸ’‹ğŸ’‹ğŸ’‹ğŸ’‹ğŸ’‹,1
shout,1
death,1
Congratulations,1
apagar,1
..NO,1
Spoiled,1
trail,1
Bling,1
satisfy,1
shrill,1
depth,1
..about,1
GIVE,1
WilkesWasRobbed,1
blend,1
attitude,1
melodic,1
earpiece,1
Deadman..,1
lead,1
horse..,1
likem,1
cringe,1
Whatever,1
top3,1
MATCH,1
Goodness,1
days/weeks,1
ultimately,1
drug,1
room,1
ALSO,1
baaabyy,1
child,1
G,1
ACTUALLY,1
fluctuate,1
showmanship,1
Doubt,1
._,1
company,1
reserve,1
'grown,1
hes,1
yasssssss,1
rn,1
Danai,1
Amy,1
Trick,1
5.5K,1
youngster,1
forzados,1
amazed,1
.a,1
properly,1
f,1
Cole.we,1
slooooooooooooooooooow,1
brilho,1
Amazingly,1
regain,1
Powerful,1
ğŸ–¤ğŸ™ŒğŸ»,1
non,1
sharine,1
femme,1
maliciously,1
Bo,1
re-work,1
slept,1
admire,1
Mds,1
Vai,1
GUYS,1
overdo,1
niceeeee,1
rocking,1
gravely,1
Christine,1
GIM,1
performance.ğŸ˜¬ğŸ˜ ğŸ˜¤ğŸ˜¤ğŸ˜¤,1
Gee,1
..Adam,1
shade,1
Labelle,1
worship,1
1:03,1
bummer,1
Kelsea/Christiana/Jackie,1
YASS,1
Ross,1
Wishing,1
Timing,1
Haters,1
^_^,1
Anthem,1
fairness,1
religious,1
edition,1
Chistiana,1
GOING,1
KNOWING,1
ğŸ¤ğŸ”¥â¤ğŸ’¯,1
butcher,1
Beverly,1
Ã,1
Battle,1
post,1
dadario,1
Slayed..,1
showed,1
reflex,1
Tina,1
campeÃ£,1
buildup,1
sits,1
say..,1
D.,1
car,1
00:16,1
Ja,1
rule,1
Sis,1
sa,1
Rayshaun,1
one-trick,1
jammin,1
soely,1
Taking,1
inevitably,1
aware,1
MOOD,1
pong,1
attracts,1
Loads,1
Dress,1
hotdog,1
poorly,1
accessible,1
loosing,1
Agen,1
R.,1
MOVING,1
4-5,1
vybz,1
bu,1
uhh,1
Pass,1
voy,1
STANK,1
scar,1
fav.â¤â¤â¤,1
Jasmins,1
blown,1
0:51,1
sÃ¶ylÃ¼yor,1
hint,1
else.Wrong,1
MICHAEL,1
3/4,1
wowwwwwed,1
ball,1
section,1
spunk,1
later,1
7.2/10,1
audio,1
La,1
whose,1
FALSETTO,1
thumbnail,1
reggae,1
exeptional,1
outburst,1
teamaustingiorgio,1
1k,1
high-fiving,1
AlexaWasRobbed,1
RETWEETS,1
highly,1
seize,1
HAHAHAH,1
STRONG,1
desenvolverse,1
spirit,1
award,1
Many,1
âœŠ,1
markedly,1
1/2,1
comfortably,1
Buena,1
tender,1
TA,1
stag,1
perfection,1
1:24,1
tch,1
5h,1
horror,1
IÂ´m,1
reconocerlo,1
longer..,1
Monroe,1
Aaliyah,1
overlook,1
tend,1
foster,1
FANTASTIC,1
mejor,1
ğŸ˜ğŸ˜ğŸ˜ğŸ˜ğŸ˜ğŸ˜ğŸ˜ğŸ¤—ğŸ¤—ğŸ¤—ğŸ¤—ğŸ¤—ğŸ¤—ğŸ¤—ğŸ¤—ğŸ¤—ğŸ¤—,1
chato,1
ğŸ˜©ğŸ™,1
ADVANCEğŸ˜­ğŸ˜­ğŸ˜­ğŸ˜­,1
Poor,1
meanwhile,1
Obviously,1
Streisand,1
luh,1
LET,1
desperate,1
'LL,1
pooooooooourran,1
Uh,1
awaken,1
alil,1
bling,1
ğŸŒğŸŒğŸŒğŸŒ¹ğŸŒ·ğŸŒ»,1
TONE,1
vu,1
ğŸ˜”ğŸ’›,1
affect,1
YESSSSSSSS,1
incompetent,1
fancy,1
quarter,1
STORY,1
ğŸ¤£ğŸ”,1
craft,1
youğŸ˜©ğŸ˜©,1
ALEXA,1
broken-hearted,1
GOOO,1
SInging,1
snore,1
foward,1
merece,1
Dam,1
destruction,1
LEFT,1
Addison,1
somedayğŸµ,1
prepair,1
girls,1
badass,1
Piano,1
sue,1
great..the,1
escuche,1
bien,1
CARD,1
escolhas,1
stagnant,1
ect,1
choosen,1
YASSSSSSSS,1
bliss,1
shaking,1
doorğŸ˜’,1
Deus,1
pÃ©sima,1
HOWWWW,1
Yaaaaaaaassss,1
IDOL,1
unwavering,1
stellar,1
coaching,1
impossible,1
Ms,1
ğŸ˜­ğŸ˜‚ğŸ˜‚ğŸ˜‚ğŸ˜‚,1
bf,1
PROPS,1
TOOK,1
TerrenceWins,1
Keisha,1
champlin,1
brb,1
Criei,1
ğŸ˜±ğŸ˜±Ahhh,1
Weather,1
PERCENT,1
White,1
Tone,1
Boringggggg,1
LORD,1
laptop,1
motion,1
computer,1
Amo,1
CHOSE,1
intent,1
temper,1
Hardly,1
replacement,1
Night,1
link,1
unaided,1
confused..,1
Made,1
Bing,1
wont,1
Slaying,1
Suit.ğŸ™ŒğŸ”¥ğŸ¶ğŸ˜,1
Hagelin,1
catch,1
HELL,1
nbc,1
Success,1
organize,1
arghhh,1
Moushumi,1
Jhonny,1
muzick,1
nut,1
HAPPY,1
preformanceâ¤â¤,1
experienced,1
Johnny/Kelsea,1
bully,1
â¤ğŸ’›ğŸ’šğŸ’™,1
Row,1
Fear,1
Flame,1
shell,1
Cmon,1
mejore,1
.but,1
Ta,1
promote,1
..i,1
clap,1
1.1k,1
amor,1
Greetings,1
Livia,1
Bands,1
Unless,1
lame,1
ğŸ˜­ğŸ’,1
ğŸ˜ğŸ˜ğŸ˜ğŸ‘ğŸ‘ğŸ‘Great,1
chance.This,1
whooooaaa,1
worth,1
spread,1
Ever,1
J.-,1
FAIL,1
Amsterdam,1
Legs,1
ight,1
Cherry,1
Lives,1
whack,1
patriotic/religious,1
sullivan,1
capable,1
solo,1
hooked,1
interpretaciÃ³n,1
Americal,1
Tishforthewin,1
Robert,1
Overuse,1
seventeen,1
degrade,1
atleast,1
shit,1
China,1
Cris,1
rip,1
putnout,1
Hearing,1
MiaWasRobbed,1
mature,1
Games,1
troop,1
commit,1
dejÃ³,1
Woooooowwww,1
remotely,1
tour,1
Ã‰,1
empty,1
poquito,1
Shiversssssss,1
Killed,1
addition,1
YESTERDAY,1
Whyyyyyy,1
BRING,1
confirm,1
gowns,1
Esos,1
breezy,1
giggle,1
Yayayayaya,1
fun,1
opportunity,1
occur,1
arrogance,1
escenario,1
Lose,1
vivo,1
mixagem,1
Cunningham,1
gostei,1
Disrespect,1
go..But,1
Ashley,1
TEAMğŸ˜­ğŸ˜­ğŸ˜­,1
influenced,1
Ecuador,1
ğŸ˜”ğŸ˜”ğŸ˜”its,1
Velcro-strip,1
SERIOUSLY,1
vanilla,1
uplifting,1
photo,1
Shook,1
estou,1
Weird,1
â›ª,1
wild,1
material,1
Seemed,1
Scott,1
Today,1
..her,1
load,1
pasti,1
pausado,1
porter,1
notes.Thats,1
VIDEOS,1
closet,1
sadder,1
smoothness,1
lost,1
//m.youtube.com/watch,1
liking,1
bueno,1
mimick,1
haunting,1
LOOKS,1
awh,1
Olympics,1
Awkward,1
bridge,1
CHISTIANA,1
fest,1
mood,1
street,1
certainly,1
screamed,1
gasp,1
Rather,1
FantÃ¡stica,1
ğŸ˜ğŸ˜ğŸ˜impresionante,1
brytton,1
Often,1
enter,1
J.,1
quiver,1
coast,1
Thanks,1
crucify,1
GOBSMACKING,1
subdued,1
transform,1
nuance,1
Nick,1
Excelente,1
sing..,1
miraculously,1
rerelease,1
horrid,1
Tired,1
wrong..,1
slapped,1
ANTI,1
perfomance.ğŸ˜‚,1
ele,1
itğŸ˜©,1
ğŸµğŸ¤ğŸ¸ğŸ‘,1
dolor,1
Message,1
Drunk,1
ADAMS,1
Houston,1
visual,1
HUMILIATED,1
DOPE,1
son,1
knotch,1
blessing,1
jackieee,1
Guira,1
DAAAAMMMN,1
Huh,1
ğŸ‡ªğŸ‡¨,1
ğŸ™,1
'come,1
oppose,1
ğŸ‘ğŸ»ğŸ‘ğŸ»ğŸ‘ğŸ»,1
LAZ,1
differently,1
enought,1
roll,1
outstanding,1
BLONDE.,1
nonetheless,1
Syne,1
herğŸ˜ğŸ˜ğŸ˜,1
1:41,1
amei,1
BOM,1
Verna..please,1
Cheap,1
MÃšSICA,1
madness,1
God-given,1
JAZZ,1
Sign,1
Sia,1
it-,1
2.6,1
sustain,1
Ohh,1
.vocal,1
elegant,1
EARTH,1
gurl,1
annoyed,1
AUDIENCE,1
TeamWilkes,1
afro,1
bold,1
ğŸ¤¬,1
anniversary,1
tantrum,1
fkin,1
Pls,1
OK,1
2012..the,1
pill,1
ANNABELLE,1
itâ£ï¸,1
Bye,1
pressured,1
fica,1
BOP,1
ALMOST,1
effortless,1
resonant,1
Fantastic,1
ğŸ˜‚ğŸ˜‚ğŸ˜‚ğŸ˜‚ğŸ˜‚ğŸ˜‚ğŸ˜‚ğŸ˜ğŸ˜ğŸ˜ğŸ˜˜ğŸ˜˜ğŸ˜˜,1
voice/artist,1
Africa,1
malo,1
alrdy,1
~but,1
tutelage,1
spamming,1
desreved,1
squirel,1
WhyWeLoveDylan,1
hence,1
1:15,1
unplug,1
desmayo,1
third,1
NOOOOOOOO,1
al.,1
Btw,1
7th,1
Gayle,1
estamos,1
Dragons,1
eliminated..,1
ğŸ˜±,1
planet,1
EYE,1
Blinds,1
magnificent,1
anyday,1
Especially,1
jessie,1
blinds..,1
spit,1
maravilhosa,1
TROUBLE,1
sustainable,1
bunch,1
wowğŸ˜‚,1
lightly,1
ğŸ˜ğŸ™ŒğŸ»,1
incorrectly,1
fails,1
sway,1
esque,1
ger,1
ginormous,1
lowder,1
Climb,1
ADVANCED,1
2-3,1
sorrynotsorry,1
theatrical,1
limp,1
unstable,1
hip,1
pode,1
Poland,1
owe,1
Anything,1
-crazy,1
entertaining,1
mouth..,1
hotline,1
Cute,1
D.r,1
MURDERED,1
Republic,1
Somewhere,1
Stars,1
learning,1
gripe,1
Calling,1
pryor,1
hairstyle,1
ne,1
MUCGAS,1
Bob,1
thou,1
honk,1
Interrupted,1
climb,1
dominion,1
allen,1
â¤ï¸ğŸ”¥,1
ğŸ’™ğŸ’™ğŸ’™ğŸ’™ğŸ’™ğŸ’™ğŸ”¥ğŸ”¥ğŸ”¥ğŸ”¥,1
though..,1
Wooow,1
FaÃ§am,1
ğŸ˜â¤ğŸ‡§ğŸ‡·ğŸ‘ğŸ‘ğŸ‘ğŸ‘,1
CHOOKED,1
this..he,1
plate,1
upbeat,1
ğŸ˜Ÿ,1
falsete,1
variance,1
ğŸ’¯ğŸ’¯ğŸ’¯ğŸ’¯ğŸ’¯ğŸ’¯ğŸ’¯ğŸ’¯ğŸ’¯ğŸ’¯ğŸ’¯ğŸ’¯ğŸ’¯ğŸ’¯ğŸ’¯ğŸ’¯ğŸ’¯ğŸ’¯ğŸ’¯ğŸ’¯ğŸ’¯ğŸ’¯ğŸ’¯ğŸ’¯,1
breathy,1
lazy,1
Yikes,1
whitney,1
ovation,1
.tq,1
boisterous,1
SAFE,1
Bieber..,1
Perfection,1
Reggae,1
Creative,1
meditation,1
jfc,1
Hannah,1
recovery,1
amount,1
babbbyyyyyyyyy,1
thrust,1
swaggggg..he,1
hugely,1
NEEDs,1
value,1
purpose,1
afterwards,1
glue,1
snack,1
Kelesa,1
Musically,1
suckz,1
feed,1
jones,1
emoron,1
prof,1
POPULAR,1
stereotypical,1
v=AeEWkmFAxkc,1
rat,1
FLIPPING,1
EPIC,1
Bryan,1
overhated,1
jay,1
teeter,1
Everything,1
gossip,1
ultra,1
expectativa,1
spectactular,1
HOOK,1
ğŸ˜,1
commenters,1
improvised,1
questionable,1
daughter,1
Awwwww,1
Kelsha,1
songstress,1
Superbowl,1
nightmare,1
ğŸ”¥ğŸ”¥ğŸ”¥ğŸ”¥ğŸ”¥ğŸ”¥,1
offs,1
touring,1
hymn,1
sharane,1
fabulous,1
store,1
Boyz,1
assert,1
Diversity,1
itunes,1
purpose..hmm,1
ğŸ‘‡ğŸ‘‡ğŸ‘‡ğŸ‘‡,1
slÃº,1
FINALSSSSSS,1
Thing,1
Tucker,1
feeling..,1
ğŸ˜¢â¤,1
RUNS,1
Whaaaaat,1
test,1
cheap,1
favorites..one,1
alternative,1
MISS,1
market,1
ğŸ”¥ğŸ”¥ğŸ”¥ğŸ”¥,1
Gorgeous,1
Jones,1
HowğŸ‘aboutğŸ‘theğŸ‘turtleneck,1
beggining,1
WATCH,1
versÃ¡til,1
theyre,1
'em,1
Seems,1
Mrs.,1
wack,1
stopping,1
compel,1
arrange,1
served,1
Yawn,1
wtg,1
Goosebumps,1
Future,1
cat,1
UGHHH,1
champ,1
ğŸ˜…,1
absurd,1
wonky,1
Y'ALL,1
spectacular,1
Split,1
Bellamy,1
Barbra,1
TALENT,1
levels..the,1
WÃ‰,1
get-and-hold,1
Aww,1
ğŸ’¯ğŸ˜,1
percent,1
grasp,1
GASOLINE,1
ğŸ’œâ¤ğŸ’œâ¤,1
delivery,1
unfortunate,1
profound,1
startâ¤,1
looooooooove,1
loyal,1
hahahhaa,1
llame,1
commercial,1
bcs,1
trip,1
Second,1
compels,1
too..but,1
Johny,1
vote..,1
.very,1
twistğŸ˜Š,1
evolve,1
entertainer,1
Sounded,1
iÄŸrenÃ§,1
onstage,1
Kaleb..anyway,1
dejes,1
Omg..,1
sign,1
perdeu,1
SIngers,1
changed.,1
church*,1
seek,1
BETTERğŸ˜¥ğŸ˜–,1
BEGGED,1
TerrenceLoses,1
Pick,1
country-ess,1
â¤ï¸â¤ï¸â¤ï¸ğŸ‘ğŸ‘ğŸ‘ğŸ‘ğŸ‘,1
Columbia,1
HOTğŸ”¥ğŸ”¥,1
coz,1
worse,1
herâ¤ï¸,1
Saving,1
concert,1
MELTING,1
ğŸ˜¢ğŸ˜¢ğŸ˜¢ğŸ˜¢,1
Audiences,1
Final,1
rock-pop,1
effective..captivated,1
rollercoaster,1
SONGCHOICES,1
date,1
positive,1
MÃO,1
Element,1
serio,1
mesmerizing,1
LITERALLY,1
Peace,1
bencong,1
â¤ï¸ğŸ˜‚,1
Crosby,1
masterpiece,1
earlier,1
military,1
crutch,1
esp,1
envious,1
there,1
CHURCH,1
lover,1
differente,1
ğŸ™†ğŸ½â€â™€ï¸ğŸ’”,1
cabe2an,1
dela,1
Pop,1
compassionate,1
spotify,1
ğŸ‘¸ğŸ½,1
Bice,1
KelseaWasRobbed,1
sooner,1
dan,1
creer,1
Shocked,1
stars..this,1
goal,1
loser,1
Move,1
aww,1
rite,1
WANT,1
WITHOUT,1
couple,1
xd,1
Demasiado,1
risky,1
hella,1
whomever,1
aÃ±o,1
cater,1
phone,1
fw,1
.He,1
Banner,1
assistindo,1
sould,1
Ada,1
ğŸ˜²ğŸ˜²ğŸ˜²ğŸ˜²ğŸ˜²ğŸ˜²,1
estuvo,1
seeing,1
ounce,1
per,1
FLAT,1
brilliantly,1
Estoy,1
Salah,1
INDONESIA,1
partial,1
adaptation,1
repito,1
Vogue,1
âœŒğŸ»âœŒğŸ»âœŒğŸ»,1
stare,1
randition,1
YASSSS,1
aka,1
HARD,1
study,1
petty,1
stale,1
ğŸ‘€,1
Voting,1
nationalist,1
ughhhhh,1
difficult,1
thrown,1
CHILDREN,1
graf,1
Spanish,1
â€”I,1
CampeÃ£o,1
'get,1
Pity,1
PERIOD,1
break..,1
winehouse,1
FYI,1
humaness,1
ChristianağŸ‘,1
weapon,1
HUGE,1
RUNNING,1
Gave,1
funky,1
c,1
Lamarr,1
loveeessss,1
JUDGES,1
tp,1
Boyd,1
piel,1
Album,1
videos,1
Addicting,1
Edit,1
Congratulation,1
drunk,1
stun,1
Nuuu,1
lauren,1
bobbing,1
lately,1
novo,1
unreal,1
focus,1
adderall,1
Magnifique,1
Viola,1
.anyone,1
punky,1
velvet,1
Valedictorian,1
foremost,1
Yep,1
sadden,1
TeamChristiana,1
YELLLLLLOWWWWW,1
Sublime,1
meltdown,1
viaaaa,1
patriotism,1
ela,1
60,1
innocent,1
painfully,1
pattern,1
Natural,1
wine,1
Vocals,1
tooğŸ™ğŸ»,1
noooooo,1
.not,1
MACDONALD,1
bust,1
f*cking,1
create,1
MOVED,1
permonances,1
reevaluate,1
Definetly,1
nao,1
BORINGGG,1
awhile,1
navy,1
artista,1
Character,1
box,1
theryre,1
master,1
salido,1
OML,1
heals,1
political,1
Carson,1
Falsettos,1
all-too-familiar,1
LADIES,1
GIGANTIC,1
NSYNC,1
killin,1
frustrate,1
ears,1
.Adam,1
insist,1
cual,1
unsurprisingly,1
added,1
LOT,1
ğŸ™ƒ,1
CHARTS,1
Artistic,1
verdad,1
Gutted,1
wednesday,1
JackieğŸ˜«ğŸ˜«,1
FKN,1
someday,1
Producers,1
copy,1
music/song,1
guest,1
performance.,1
Yay,1
1:12,1
Tragic,1
Ele,1
favourites,1
weirdly,1
general,1
British,1
CHRISTMAS,1
Sweet,1
ChristinağŸ˜,1
Aliyah,1
Auld,1
drivel,1
JohnnyWasRobbed,1
Yerra,1
soooooooooooooo,1
Noooo,1
ğŸ˜‚ğŸ˜‚,1
squat,1
flop,1
chistiana,1
Peers,1
MOMMY,1
greeting,1
worry,1
Moving,1
SLAY,1
.like,1
home..,1
Lucky,1
hallelujah,1
Marry,1
nowadays,1
naw,1
toia,1
tbhğŸ˜ŠğŸ˜ŠğŸ˜Šim,1
heavily,1
Dougnut,1
ECT,1
Playoff,1
way.ğŸ¤,1
1:30,1
solely,1
REASON,1
ğŸ‘ğŸ‡§ğŸ‡·,1
complicate,1
NoOoOo,1
ğŸ˜‚ğŸ‘ğŸ¼,1
essa,1
Looooooooooooooove,1
tentative,1
FIRST,1
breathiness,1
Dipping,1
acoustic,1
9,1
00:52-00:56,1
understands,1
puro,1
like-dislike,1
made,1
sean,1
-20,1
barstool,1
charm,1
mindset,1
Kudos,1
greatness,1
Aaarrgghhh,1
watch.Her,1
Whitney,1
BTS,1
woooowowowowoowowowowowo,1
diferrent,1
are..,1
Ann,1
YAYAYYAYAY,1
dead,1
Lot,1
Bold,1
versa,1
through-,1
ğŸ˜†,1
mami,1
Sharayah,1
included,1
ğŸ“¼âœŒğŸ¤ğŸ¶ğŸµğŸ¼â¤ğŸ‘ğŸ˜Š,1
FUDGE,1
happens,1
Pros,1
GOSTEI,1
FRUSTRATED,1
fidget,1
edit,1
Bar,1
puede,1
criticism,1
trembling/struggling,1
GOLD,1
sobreactuado,1
tryna,1
songğŸ’ğŸ˜ğŸ˜,1
treat,1
SPOT,1
..Lawd,1
runner,1
ğŸ‘ğŸ»ğŸ‘ğŸ»ğŸ‘ğŸ»ğŸ‘ğŸ»ğŸ‘ğŸ»ğŸ‘ğŸ»ğŸ‘ğŸ»,1
knoe,1
ALREADY,1
Maravilhosa,1
KEEPER,1
Fat,1
disconnect,1
religion,1
Ali,1
GEM,1
party,1
YOUUU,1
stuck,1
mÃ¡s,1
Beyonce,1
Caracoooo,1
perde,1
CHARMING,1
lovesick,1
superfan,1
Ã‰l,1
Woooooooooooooow,1
mistake..ğŸ˜–,1
inside,1
EEAASSSSE,1
ğŸ¤ªâ¤ï¸,1
YAAAAS,1
tiny,1
Indonesia,1
OKAY,1
overdone,1
governance,1
LMAO,1
pseudo,1
jesus,1
blakeee,1
pigeonholed,1
peculiar,1
supÃ©renlo,1
BOMB,1
divorce,1
Tuesdays,1
01:17,1
Lmfao,1
Sade,1
obscure,1
spot..anyone,1
..WAYYYYYYYY,1
affront,1
JOHNNY,1
Woow,1
gigging,1
robbery,1
avenge,1
goodâ¤,1
Etta,1
ğŸ˜«ğŸ˜«,1
HYPOCRITES,1
Somehow,1
insecure,1
sham,1
ğŸ’œğŸ’œğŸ’œğŸ’–ğŸ’–ğŸ‘ŒğŸ‘Œ,1
competitor,1
HELLOOOO,1
DAYUM,1
BRO,1
NOHOMO,1
Yasss,1
dm,1
.sexy,1
alisan,1
ğŸ˜³,1
goddes,1
sincere,1
rough,1
Kaufman,1
Cons,1
alreadyğŸ’”ğŸ˜­,1
definition,1
Smdh,1
Ps,1
letting,1
hopeless,1
christina,1
honor,1
notch,1
Nirvana,1
pointğŸ’Ÿ,1
un,1
crime,1
stardom,1
nice..,1
rayshun,1
01:51,1
Mac,1
Tolerate,1
AMERICAN,1
GIRRRLL,1
Wednesday,1
rasyshun,1
cagaram,1
rocker,1
DONE,1
men,1
bond,1
Absolute,1
usa,1
downgrade,1
Woww,1
encantÃ³,1
engage,1
interval,1
wheelhouse,1
goodğŸ‘Œ,1
â˜ºâ˜ºâ˜º,1
TALK,1
honey,1
news,1
.something,1
ğŸ˜¤,1
fare,1
speechless,1
Torcendo,1
impersonator,1
..brilliant,1
unfit,1
Looks,1
geeked,1
CUZ,1
Fierce,1
LED,1
canadian,1
Angel,1
foot,1
tuesday,1
guidance,1
Dang,1
skillful,1
defeated,1
MOON,1
cross,1
Ã“TIMA,1
subscribe,1
Reese,1
ffking,1
Mexico,1
STRIP,1
director,1
nahh,1
table,1
untill,1
ğŸ‘ğŸ¾ğŸ‘ğŸ¾ğŸ‘ğŸ¾,1
Darn,1
Service,1
Lacking,1
endavours,1
beg,1
2ND,1
Standing,1
Proof,1
MEAN,1
porque,1
1:00,1
Talent,1
throughğŸ™‡ğŸ™‡,1
asf,1
-hides,1
dislikesğŸ˜‚ğŸ˜­,1
..this,1
evident,1
Careless,1
Hurts,1
igual,1
ğŸ˜„ğŸ˜„ğŸ˜„,1
variety,1
demi,1
QUE,1
warmth,1
appropriate,1
prompt,1
responses/posts,1
wouldâ€‹,1
L9,1
well-muscled,1
BRITTON,1
YassğŸ˜ğŸ˜ğŸ˜,1
â™¡â™¡,1
Regina,1
Josh,1
Knowing,1
Plake,1
auditory,1
belong,1
WATCHED,1
DISGUSTING,1
voce,1
weakness,1
Chirtiana,1
grab,1
meğŸ˜‚ğŸ¤£,1
DREW,1
approach,1
conseguiu,1
earth,1
vain,1
Fourth,1
LOOOL,1
sleeve,1
smiling,1
amerikkka,1
perhaps,1
marketing,1
Daughtry,1
RARE,1
FAN,1
ğŸ‘ŒğŸ‘Œ,1
.or,1
Sings,1
//youtu.be/pDH1MsdGqwY,1
FAVORITES,1
grant,1
RESPECT,1
although,1
bitğŸ’•,1
thread,1
include,1
rich,1
FOINE,1
Amen,1
adore,1
*take,1
ENCOURAGING,1
Choose,1
exception,1
Car,1
poser,1
eliminated,1
town,1
usualy,1
disrespect,1
visualize,1
vocÃª,1
thinkğŸ˜,1
everywhere,1
Malaysia,1
SEXY,1
uploaded,1
lessen,1
audience/,1
uno,1
showman.Had,1
collapse,1
PS,1
Unremarkable,1
ğŸ’™ğŸ‘ğŸ‘â™€,1
fuckin,1
stoop,1
entertainment,1
awayğŸ¤ğŸ¤ğŸ¤,1
Spangled,1
Cool,1
badğŸ˜¢,1
fulfil,1
background,1
steam,1
Tomara,1
asmr,1
unwarranted,1
Abilities,1
prettiest,1
TeamMia,1
some.â˜ºï¸,1
whoever,1
invested,1
enable,1
manner,1
tooâ€”Wilkes,1
DAMMITT,1
vozes,1
stagger,1
uniquely,1
Chilis,1
sultry,1
Public,1
ğŸ˜˜ğŸ˜˜ğŸ˜˜ğŸ˜˜ğŸ˜ğŸ˜ğŸ˜LOVE,1
sempre,1
Practice,1
count,1
Wind,1
DylanğŸ˜­ğŸ˜°ğŸ™„,1
GG,1
Trash,1
houston,1
30minutes,1
ğŸ¤£,1
24,1
Esse,1
.my,1
gawd,1
satisfaction,1
omething,1
Queeeeeeeen,1
SÃ³,1
Champlin,1
chop,1
Lounge,1
LOVEEEEE,1
realy,1
PONY,1
dum,1
ala,1
ğŸ˜ğŸ˜ğŸ˜,1
Hotline,1
BIGGER,1
Bowl,1
Lupita,1
tragedy,1
recuerda,1
mostra,1
Road,1
Sincerely,1
leader,1
F***,1
keyboard,1
Darlin,1
Men,1
looks..,1
Knew,1
re-play,1
demand,1
aghs,1
originally,1
ğŸ˜£ğŸ˜¢,1
su,1
crack,1
Frankie,1
Goebel,1
gente,1
DARLING,1
low-leveled,1
Umm,1
banyak,1
30,1
ğŸ©ğŸ©ğŸ©ğŸ©ğŸ©ğŸ©ğŸ©ğŸ©ğŸ©,1
SOOOOOOOOOOOOO,1
much.which,1
mudaram,1
judging,1
CHILLSSSS,1
Yall,1
ADORABLE,1
Hartigan,1
horrific,1
Soo,1
pun,1
bee,1
kiss,1
conpetition,1
ov,1
intimacy,1
SHOW,1
Robbery,1
Trying,1
vocalists,1
Holy,1
//youtu.be/0rQgbVILMsI,1
privilegiada,1
appreciated,1
gusta,1
Control,1
.you,1
Rocker,1
LOSING,1
No.1,1
Sopranos,1
v=71j-b-P5A6Q,1
afff,1
Cheers,1
rude,1
YET,1
mom,1
TOMORROW,1
silly,1
intro,1
BABEEE,1
Thursday,1
ğŸ˜°,1
darn,1
satisfied,1
favore,1
whiney,1
growl,1
â¤â¤â¤â¤â¤â¤,1
beer,1
tickle,1
torcendo,1
UNKNOWN,1
process,1
SWEAR,1
demolish,1
Dez,1
brotherhood,1
BAND,1
Teamalicia,1
FOSTER,1
represent,1
UPSET,1
idiots,1
â€“,1
obnoxiously,1
Sasha,1
YESS,1
SpenshaBaker,1
sas,1
voice..but,1
Fyi,1
ALRIGHT,1
competition..,1
hayas,1
8.3K,1
BRItton,1
but..so,1
bud,1
taught,1
sucker,1
Coming,1
GUY,1
Herâ¤ï¸,1
GANADORA,1
enunciates,1
stil,1
OMFG,1
grande,1
Baker,1
0.27,1
executive,1
existence,1
zince,1
throughğŸ˜“,1
laidback,1
ROBBERY,1
HOt,1
qualities,1
wayğŸ’¯ğŸ”¥,1
Google,1
shook,1
strike,1
speaks,1
OWNED,1
Bringg,1
Aguilera,1
teamwilkes,1
Pretty,1
K.,1
appreciation,1
t=28,1
vice,1
Strange,1
month,1
perfectlyâ€‹,1
horrendous,1
Could,1
wahoooo,1
buss,1
fake,1
Cant,1
awful..,1
heartbeat,1
pointless,1
Cuevas,1
ğŸ’âœ¨,1
bur,1
modulation,1
it/her,1
nah,1
VOZ,1
Ol,1
YAAAAAASSSSSSSS,1
dwindle,1
advantage,1
Times,1
Eu,1
ğŸ¤”,1
drummer,1
TishWasRobbed,1
major,1
Bibl,1
UNDERRATED,1
para,1
vintage,1
Bayern,1
Freakn,1
sub-par,1
crooner,1
keeper,1
alottt,1
propose,1
voice..so,1
suspenshful,1
cram,1
evoluindo,1
Horse,1
machine,1
sinatra,1
singing..,1
Shows,1
ğŸ˜¬ğŸ˜¬ğŸ˜¬,1
Totally,1
hypocritical,1
teamblake,1
holly,1
felicidades,1
colado,1
.Maybe,1
Play,1
Una,1
dumba,1
viena,1
gibi,1
Poderia,1
afraid,1
SOMEONE,1
repetitively,1
Started,1
objectively,1
SIGNED,1
tf,1
re-born,1
sob,1
NOBODY,1
DYLANNNN,1
thruu,1
cd,1
ohhhhh,1
Passion,1
Puns,1
Aretha,1
frm,1
player,1
Joni,1
train,1
plexus,1
ğŸ˜­ğŸ˜,1
shorten,1
ğŸ’â¤,1
shot.She,1
btw,1
âš ,1
wishing,1
â¤â¤â¤,1
puedo,1
ğŸ’ŸğŸ’ŸğŸ’ŸğŸ’ŸğŸ’ŸğŸ’ŸğŸ’ŸğŸ’ŸğŸ’ŸğŸ’Ÿ,1
inspired,1
Sucks,1
ama,1
bohemian,1
hahahah,1
NFL,1
co,1
qualify,1
Vocal,1
ke,1
Kok,1
wet,1
thisğŸ˜,1
vai,1
TheFeels,1
ALBUMS,1
BIG,1
12ğŸ˜­ğŸ˜­ğŸ’”,1
DANCE,1
Hated,1
Horses,1
unimpressive,1
actin,1
vox,1
icon,1
haber,1
elseâ¤ğŸ˜€,1
Booooring,1
pineapple,1
Lying,1
PITCHY,1
10th/9th,1
ESSE,1
Diverse,1
ARRIVED,1
irl,1
parecido,1
off-tune,1
boredom,1
Mariah,1
talented..just,1
alive,1
ğŸ’‹ğŸ’‹ğŸ’‹ğŸ’‹ğŸ’‹ğŸ’‹ğŸ’‹,1
distance,1
plenty,1
miserably,1
verbalization,1
dylansmusiq,1
remembers,1
Another,1
voteeeeee,1
goodbye,1
kudos,1
BUBLE,1
voiceeee,1
Freakin,1
awesome.âœŒğŸ¤ğŸ¶ğŸ¼ğŸµâ¤ğŸ‘â˜º,1
-has,1
stolen,1
Boys,1
Wilks,1
Lest,1
ğŸ‘ğŸ¼ğŸ‘ğŸ¼ğŸ‘ğŸ¼,1
0:59,1
thirsty,1
Exorcist,1
BRYNN,1
Spenha,1
portray,1
button,1
.ğŸ˜³ğŸ¤¯,1
goo,1
Homer,1
f*ck,1
ğŸ˜˜,1
choice.He,1
manager,1
attractive,1
definately,1
trumpet,1
brasil,1
choke,1
deserved,1
RT,1
Brown,1
IDEA,1
Born,1
originality.Kelsea,1
teclado,1
WARDROBE,1
ğŸ¾ğŸ¾,1
1970s,1
imperdonables,1
Wan,1
Greatness,1
hilarious,1
participate,1
thankyou,1
execute,1
dimensional,1
t12,1
FNALLY,1
Badu,1
ğŸ’–â¤ğŸ’š,1
ğŸ‘,1
esse,1
Erykah,1
UMA,1
SUIT,1
Rounds,1
Pop..anything,1
smolder,1
WHi,1
dart,1
finalistas,1
KALEB,1
artiste,1
Winners,1
uhhhh,1
pot,1
13th,1
eat,1
crispy,1
ganadora,1
Surprised,1
",ğŸ˜¢ğŸ˜¢",1
Rejoice,1
Haha,1
WeMcDonald,1
ğŸ˜‘he,1
STAR,1
Kicking,1
pÃ³s,1
looked,1
religons,1
versiÃ³n,1
ğŸ¤—ğŸ‘ğŸ‘ğŸ‘ğŸ‘ğŸ‘,1
flu,1
podria,1
Gurl,1
bad..,1
Adison,1
Andd,1
kept,1
SLAMMIN,1
Martin,1
Begitu,1
Bruh,1
0:58,1
struggled,1
girrrrl,1
Lots,1
Mcandrew,1
wondering,1
cheer,1
PREFORMED,1
Maan,1
paula,1
Hideous,1
vodka,1
Ya,1
TAKE,1
wilkes..,1
skai,1
OHHH,1
12.,1
State,1
bark,1
instinct,1
ğŸ‘ğŸ¼ğŸ‘ğŸ¼ğŸ‘ğŸ¼ğŸ‘ğŸ¼ğŸ‘ğŸ¼ğŸ‘ğŸ¼ğŸ‘ğŸ¼ğŸ‘ğŸ¼ğŸ‘ğŸ¼ğŸ‘ğŸ¼ğŸ‘ğŸ¼ğŸ‘ğŸ¼,1
expectation,1
itğŸ‘ğŸ‘,1
overly,1
QUOTES,1
meaning,1
ğŸ™ŒğŸ½ğŸ™ŒğŸ½ğŸ™ŒğŸ½ğŸ‘ğŸ½ğŸ‘ğŸ½ğŸ‘ğŸ½,1
sacrifice,1
Water,1
Cutest,1
masuk,1
followed,1
do..,1
.pls.kindly,1
secret,1
âœŠâœŠ,1
bullseye,1
menu,1
lain2,1
interpretaciones,1
SOOOO,1
ğŸ˜ğŸ˜â¤,1
decepcion,1
STILL,1
Chaistiana,1
mermao,1
Ainda,1
impressing,1
ahora,1
BRAZIL,1
Canada,1
paycheck,1
Lang,1
wise,1
Jessie,1
beyonce,1
disconexas,1
ing,1
exaggerate,1
crystal,1
fairly,1
dunno,1
EYES,1
explicado,1
HIMMMM,1
DEFINITELY,1
â˜ºï¸ğŸ‘ğŸ»,1
suggestive,1
prop,1
ByeFelicia,1
ğŸ’–ğŸ’–ğŸ’–ğŸ’–,1
lips,1
lip..ğŸ¤¤ğŸ˜‚,1
LOOK..,1
Grace,1
integrity,1
PRODUCERS,1
heal,1
Dude,1
split,1
GOD..,1
ğŸ˜‘ğŸ˜‘ğŸ˜‘,1
amazement,1
//youtu.be/cfL-kwImE9Q,1
permanently,1
peace,1
Aliciakeys,1
over-thinking,1
supporter,1
goneğŸ˜­,1
spanish,1
Extremely,1
Candice,1
multiple,1
Terrrence,1
story,1
Judging,1
lunatic,1
A.M.E.R.I.C.A,1
spark,1
Anita,1
outlook,1
boys2men,1
Singers,1
Albano,1
Colder,1
believer,1
deprave,1
misspelled,1
Performers,1
COULD,1
stadium,1
mics,1
survive,1
kkkk,1
prior,1
Jazz,1
unfortunatly,1
excise,1
embarassing,1
fly,1
beging,1
Angie,1
ever..,1
PPPPPLLL,1
Guarantee,1
bury,1
43rd,1
90,1
memory,1
Read,1
MUITO,1
nelo,1
bloody,1
singingğŸ˜â¤ğŸ‘,1
ğŸ‘ğŸ»,1
encantan,1
lovedâ¤â¤â¤,1
fallin,1
aprender,1
mostrou,1
overrall,1
Style,1
lesson,1
goodlooking,1
exclusively,1
loosen,1
1:09,1
pilih..,1
esos,1
contestent,1
thumb,1
ADAM..,1
spectator,1
gallina,1
sleep..,1
giorgio,1
anxiety,1
acceptance,1
app,1
magical,1
engaged,1
'the,1
desafinaciones,1
comparison,1
Top12,1
â˜ï¸,1
mistaken,1
Chills,1
chico,1
pelo,1
wildcard..,1
English,1
keke,1
difference,1
Winneeeeerrrrrrrrrrrrrrrâ€¼ï¸â€¼ï¸â€¼ï¸â€¼ï¸â€¼ï¸,1
hesitant/unsure,1
420,1
..both,1
lolita,1
dopest,1
Sundance,1
BILLBOARD,1
ğŸ‘‘,1
SUCK,1
jobğŸ‘,1
ğŸ‘ŒğŸ‘Œâ¤â¤â¤ğŸµğŸ¶,1
Nelo,1
Yasssssss,1
passe,1
dessa,1
Version,1
rethink,1
gay,1
fatale,1
estar,1
th,1
WORDS,1
ğŸ˜¢ğŸ˜¢,1
Stick,1
latter,1
.screw,1
ğŸ˜ğŸ˜ğŸ˜ğŸ˜ğŸ˜˜ğŸ˜˜ğŸ˜˜ğŸ˜˜,1
Shoulve,1
group,1
UNBELIEVABLE,1
ignorance,1
throughğŸ˜­,1
charles,1
âœ…âœ…âœ…âœ…âœ…âœ…âœ…âœ…âœ…âœ…âœ…âœ…,1
sandwich,1
tasty,1
Ruined,1
PodrÃ­a,1
HEARING,1
EXPLAIN,1
book,1
mention,1
1:13-1:15,1
ğŸ’€,1
stayed,1
artistes,1
Blessings,1
unspoken,1
Save,1
ha,1
acho,1
eargasm,1
Voice.ğŸ˜Š,1
anyways,1
ğŸ™ğŸ™ğŸ™,1
pregnant,1
looove,1
stunningly,1
WATCHING,1
topic,1
sonu,1
OneRepublic,1
ojala,1
CUTE,1
Tv,1
region,1
LEVINE,1
nasceu,1
VOTING,1
excuse,1
reallllly,1
DISAPPOINTED,1
ğŸ˜¡ğŸ˜¡ğŸ˜¡,1
Wild,1
Time,1
diamond,1
respectful,1
stood,1
-pun,1
americas,1
ask,1
challenge,1
Theory,1
laid,1
WOWOWOW,1
Guess,1
loooooooVe,1
ğŸ˜ğŸ˜­,1
Amber,1
levanta,1
BRAINER,1
timey,1
Reminds,1
cracking..,1
Expected,1
uncertain,1
distraction,1
dreaming,1
perspective,1
Yaaaaaas,1
..dumb,1
loins,1
borrrrringgg,1
envelope,1
justiceforTish,1
kink,1
ganhou,1
Social,1
abt,1
ÃšNICAS,1
tap,1
CHAIR,1
Enjoyed,1
WOOOOO,1
ğŸ˜£ğŸ™ğŸ¤”,1
identify,1
wide,1
kelseaisawsome,1
fue,1
worker,1
Ummm,1
GOOOOOOOOO,1
castigate,1
Finale,1
ruined,1
Ffs,1
Hard,1
ruim,1
Flawless,1
amy,1
tread,1
environment,1
elastic,1
press,1
weekly,1
STACKED,1
neither,1
TRY,1
toda,1
Getting,1
deja,1
mayonnaise,1
relaxed,1
Amazon,1
boo,1
ğŸ‘ğŸ½,1
clarify,1
nÃ£o,1
CRY,1
ByeBye,1
altough,1
best..anyone,1
shooting,1
capital,1
Epic,1
ğŸ™ŠğŸ™ŠğŸ™ŠğŸ™ŠğŸ™ŠğŸ™ŠğŸ™ŠğŸ™ŠğŸ™ŠğŸ™ŠğŸ™ŠğŸ™ŠğŸ™ŠğŸ™ŠğŸ™ŠğŸ™ŠğŸ™ŠğŸ™ŠğŸ™ŠğŸ™ŠğŸ™ŠğŸ™ŠğŸ™ŠğŸ™ŠğŸ™ŠğŸ™ŠğŸ™ŠğŸ™ŠğŸ™Š,1
depend,1
mulher,1
Actually,1
gush,1
vs.,1
ğŸ¤·â€â™‚ï¸,1
wig,1
gone.ğŸ˜¢ğŸ˜¢,1
Gary..i,1
pursue,1
â˜,1
ICONIC,1
saddened,1
COACHING,1
professionalism,1
FAIR,1
PERFORMANCES,1
dull,1
voiceğŸ˜‘ğŸ˜‘,1
ğŸ‘ğŸ‘,1
favoritismo,1
HORRIBLE,1
shoot,1
plz,1
night..,1
plus,1
ğŸ‘ğŸ¼,1
primeiras,1
albumâ¤ï¸,1
lag,1
cocky,1
KIdding,1
rock.pop,1
tat,1
funeral,1
Sparrow,1
teller,1
WTHeck,1
Ibeyi,1
aswell,1
traditional,1
TWO,1
Weekly,1
Rio,1
guarantee,1
awake,1
rearrange,1
LOL,1
helt,1
ğŸ‘ğŸ‘ğŸ‘,1
UNLIKE,1
todaaaaaaaa,1
ROCKERS,1
ELSE,1
arranger,1
IncreÃ­ble,1
Ended,1
attack,1
arrogant,1
ğŸ’ªğŸ½â¤ï¸,1
fill,1
likeable,1
YESSS,1
Abandona,1
wonderfull,1
12th,1
peform,1
'ai,1
Beyond,1
breathtaking,1
nuts,1
fernandes,1
enjoyed,1
equipe,1
Championship,1
up-beat,1
Fiona,1
sentence,1
BODAK,1
finalist,1
Khan,1
adjust,1
stretching,1
ir,1
willchamplin,1
allsup,1
gut,1
ğŸ˜–ğŸ˜–,1
ROLL,1
gig,1
Glynn,1
Instrumental,1
breathe,1
convertido,1
pigeonhole,1
ğŸ‘Œ,1
SIGNATURE,1
increÃ­ble,1
tinkle,1
..Good,1
tones,1
Sara,1
Andra,1
miracle,1
clapping,1
ğŸ‘ğŸ¼,1
creativity,1
dissapointing..ğŸ˜”,1
Voice.in,1
alternativa,1
SINGS,1
Goodbye,1
forth,1
ğŸ¤©,1
NBC,1
Perhaps,1
sandlot,1
Carey,1
Saves,1
P.S,1
wth,1
Suck,1
stepped,1
Johnson,1
fashion,1
ğŸ˜ğŸ˜¦,1
desafinÃ³,1
UNSONG,1
HAha,1
PLZ,1
ğŸ˜Š,1
gl,1
spoil,1
off-key,1
darle,1
Wow..what,1
YO,1
becuase,1
Alguien,1
ğŸ™„ğŸ™„,1
shin,1
Grateful,1
TRICK,1
KELLY,1
Stunning,1
smartly,1
Caldwell,1
ver,1
irritate,1
Subscribe,1
ğŸ˜˜ğŸ˜˜ğŸ˜˜ğŸ˜˜,1
strip,1
palmer,1
precious,1
Favorita,1
audtion,1
deeply,1
bastante,1
Ik,1
como,1
celebrate,1
SAVED,1
VERNA,1
Beastie,1
kyla,1
Micfall,1
ğŸ‘adam,1
Sandalot,1
Mottram,1
and/or,1
Peanut,1
deny,1
there'ss,1
spiritual,1
parecieron,1
Jackies,1
ğŸ˜,1
cup,1
Sooooooooooooooooooooo,1
seal,1
daily,1
concept,1
'hatin,1
HÃ©,1
ğŸ˜¨,1
CANADA,1
Vibe,1
infelizmente,1
65,1
disaster,1
method,1
Tuesday,1
apresentaÃ§Ãµes,1
wayy,1
Or..whats,1
Boycotting,1
victory,1
ğŸ˜ªğŸ’”,1
accurate,1
//youtu.be/XX4wsOP_GPE,1
love/hate,1
tres,1
offence,1
tailor,1
addison,1
rockish,1
show..â˜¹ï¸â˜¹ï¸,1
squeeze,1
indecisive,1
Wildest,1
ANOTHER,1
Break,1
Pavarotti,1
Lovey,1
mereces,1
Effortless,1
HIT,1
cos,1
NEW,1
Audrey,1
whoop,1
improvement,1
tbe,1
ğŸ‘,1
ARTISTA,1
Kelly..,1
Riff,1
YAY,1
prefiro,1
entirety,1
switch,1
timbre,1
PLZZZ,1
allllllll,1
sophisticate,1
Refreshing,1
throughâ¤ï¸â¤ï¸,1
Clarkson,1
wouldve,1
del,1
abysmally,1
ğŸ˜“ğŸ˜“,1
favoriteeeee,1
nasty,1
//youtu.be/ZiY510g3Izo,1
Think,1
sorprendida,1
TRUSTED,1
Calister,1
George,1
BENDIGA,1
Conversely,1
smile,1
sÃ³,1
CALLED,1
Phenomenal,1
FLY,1
tone/rasp/growl,1
reflection,1
Looking,1
lawdt,1
ohhhhhh,1
meu,1
1:07-1:17,1
Vox,1
pleasure,1
Common,1
inmediato,1
Redd,1
Shinedown,1
age,1
instrumental,1
African,1
yassss,1
ğŸ˜ ğŸ˜ ,1
overcrowd,1
â¤ï¸â¤ï¸ğŸ¤¤,1
sarcasm,1
MF,1
ğŸ˜®ğŸ’–ğŸ’–ğŸ’–,1
em,1
thisssâ™¥ï¸â™¥ï¸â™¥ï¸â™¥ï¸â™¥ï¸â™¥ï¸ğŸ”¥ğŸ”¥ğŸ”¥ğŸ”¥,1
heeeeeeeeeeeeeeeeeeeeeeyY,1
mid-range,1
curse,1
Austins,1
Granted,1
mumble,1
listened,1
araq,1
ser,1
johnny,1
Singing,1
creo,1
casa,1
slat,1
eiy,1
DONT,1
eso,1
Diana,1
unnecessary,1
BRINGS,1
Yellow,1
Quite,1
inaccurate,1
nominated,1
re-watch,1
ğŸŒŸğŸŒŸğŸŒŸğŸŒŸğŸŒŸâ˜®ğŸ’–â˜ğŸ˜‰ğŸ’•ğŸ¬,1
DIFFERENT,1
Caleb,1
combina,1
limitless,1
Surprising,1
Tough,1
eww..what,1
Gospel,1
few,1
1:18,1
nature,1
ğŸ‘ğŸ»ğŸ‰ğŸ‘ğŸ»ğŸ‰ğŸ‘ğŸ»âœ¨ğŸŒŸâ­ï¸ğŸŒŸâœ¨â¤ï¸ğŸ˜ƒâ¤ï¸ğŸ‘ğŸ»ğŸ‘ğŸ»ğŸ‘ğŸ»ğŸ‰ğŸ‘ğŸ»ğŸ‰ğŸ‘ğŸ»,1
Alecia,1
didn'tâ¤â¤â¤â¤,1
ğŸ™ğŸ»,1
uhhh,1
potencial,1
unspeakably,1
CORRECT,1
blast,1
rack,1
Listen,1
Lol..,1
Sway,1
fascial,1
NIGHT,1
HAIR,1
strnge,1
Hit,1
GENTLEMEN,1
Christianna,1
ParabÃ©ns,1
Mob,1
resort,1
Somebody,1
Jill,1
particular,1
.tired,1
unworthy,1
alicias,1
peep,1
Ahhh,1
Welp,1
Patti,1
itthru,1
Murdered,1
microfone,1
impersonation,1
statement,1
1:34,1
Played,1
Rip,1
hyped,1
Whisper,1
headset,1
idiot,1
Iloveeeher,1
backstory,1
rise,1
AustinğŸ˜­ğŸ˜­ğŸ˜­ğŸ˜­,1
this.May,1
Chapman,1
ğŸ“¼âœŒğŸ¤ğŸ¶ğŸµğŸ¼â¤ğŸ‘ğŸ˜‰,1
BLACK,1
et,1
.ğŸ˜‰,1
dancer,1
CHILLS,1
knock-outs,1
brain,1
bruh,1
earphone,1
i-tune,1
ğŸ‘ğŸ‘ğŸ‘ğŸ‘ğŸ‘ğŸ‘ğŸ‘,1
Ooooh,1
eewww,1
greatly,1
grrrrr,1
todos,1
otra,1
ğŸ¤£ğŸ˜‚,1
her..,1
Jonas,1
ğŸ’•ğŸ’¯,1
Major,1
SINGLE,1
bcause,1
DAMMIT,1
News,1
irritated,1
OOMMMMGGGGGGG,1
language,1
brought,1
Definite,1
GRAVE,1
Duron,1
GOOOD,1
Waooooo,1
H,1
ğŸ˜­ğŸ˜­,1
Sicka,1
Raff,1
Woah,1
total,1
Praise,1
PV,1
BRAVO,1
PLATY,1
Matthew,1
arctic,1
floral,1
knockouts,1
equipment,1
smoke,1
likable,1
amar,1
Uncommon,1
PROBABLY,1
drag,1
memorable,1
rhapsody,1
bang,1
engagement,1
hook,1
height,1
cleaner,1
KEEP,1
..lol,1
bewn,1
viewer-,1
viera,1
hatred,1
aneurysm..,1
.To,1
SITTING,1
WoowğŸ™ˆğŸ™ˆ,1
brutal,1
within,1
side-to-side,1
pop..rock,1
backwoods,1
nombre,1
Kisha,1
sounded,1
recovered,1
ğŸ˜ğŸ˜ğŸ˜ğŸ˜ğŸ˜ğŸ˜ğŸ˜ğŸ˜ğŸ˜GREAT,1
asta,1
Fergie,1
youngâ¤â¤ğŸ‘,1
DylanWasRobbed,1
Si,1
chirping..specifically,1
â€¦,1
