song,223
...,116
n't,116
like,106
's,91
love,79
voice,77
â€™,76
good,74
make,66
Wilkes,65
sing,63
choice,63
go,62
performance,59
get,55
mic,52
think,52
Blake,49
really,45
well,43
save,39
country,39
sound,38
'm,38
one,36
see,35
show,35
great,32
need,31
drop,31
singer,30
would,30
best,29
hope,28
want,28
vote,27
hear,27
way,25
much,25
Austin,24
WILKES,23
Spensha,23
top,22
12,21
say,21
bad,20
win,20
last,20
talented,20
season,20
job,20
even,19
come,19
could,19
guy,19
people,19
look,18
beautiful,18
fan,18
've,18
``,18
Love,18
time,17
'',17
music,17
try,16
man,16
pick,16
feel,16
artist,16
take,16
Great,15
move,15
favorite,15
Bieber,15
still,15
know,15
seem,14
always,14
every,14
night,14
ever,14
style,14
different,14
America,13
Buble,13
amazing,13
choose,13
Voice,13
back,13
competition,13
Gary,13
far,12
sings,12
Michael,12
version,12
tonight,12
something,12
watch,12
talent,11
u,11
perform,11
ca,11
genre,11
tone,11
put,11
cover,11
unique,11
vocal,10
stand,10
thing,10
give,10
girl,10
literally,10
right,10
wtf,9
stage,9
lol,9
keep,9
everyone,9
sure,9
live,9
listen,9
actually,9
amaze,9
sang,9
Justin,9
little,9
do,9
Gwen,9
whole,9
cause,9
Carrie,9
Good,8
believe,8
Pryor,8
blake,8
epic,8
team,8
big,8
Oh,8
fall,8
na,8
..,8
contestant,8
since,8
kill,8
next,8
wait,8
versatile,7
pop,7
coach,7
ğŸ˜‚,7
LOVE,7
emotion,7
Kyla,7
already,7
dude,7
side,7
dont,7
tell,7
eliminate,7
arrangement,7
chance,7
though,7
kind,7
start,7
many,7
never,7
person,7
hate,7
advance,7
Sinatra,7
'd,7
old,7
use,6
suit,6
year,6
wilkes,6
turtleneck,6
bore,6
Beautiful,6
singing,6
nice,6
wish,6
break,6
rock,6
mind,6
also,6
jazz,6
moment,6
another,6
ruin,6
awesome,6
bit,6
first,6
someone,6
Wow,6
totally,6
please,6
buble,6
world,6
hard,6
note,6
pretty,6
part,6
may,6
band,6
sung,6
deserves,6
end,6
cute,5
ok,5
Amazing,5
high,5
smooth,5
Best,5
find,5
sexy,5
Frank,5
deserve,5
new,5
remember,5
play,5
Speak,5
range,5
fell,5
honestly,5
enough,5
forget,5
Team,5
terrible,5
3,5
iTunes,5
anything,5
list,5
become,5
God,5
work,5
hurt,5
huge,5
BublÃ©,5
Damn,5
original,5
young,5
change,5
lose,5
run,5
Hope,5
microphone,5
anyone,5
pander,5
BEST,5
bless,5
others,5
word,5
expect,5
let,5
austin,5
pro,5
perfect,5
place,5
Country,5
wonder,5
'll,5
mistake,5
wow,5
final,4
nail,4
vocalist,4
public,4
eye,4
performer,4
Go,4
anthem,4
forward,4
black,4
wrong,4
Glad,4
classic,4
solid,4
clear,4
handle,4
Giorgio,4
michael,4
troll,4
yet,4
anymore,4
talk,4
understand,4
instead,4
hand,4
obvious,4
sad,4
Terrence,4
twist,4
gospel,4
happen,4
bite,4
home,4
round,4
audience,4
view,4
yall,4
strong,4
kid,4
â€œ,4
opinion,4
heart,4
Next,4
audition,4
Everyone,4
miss,4
cost,4
weird,4
turn,4
true,4
stop,4
glad,4
mean,4
presence,4
gon,4
playoff,4
Mic,4
knew,4
One,4
continue,4
lmao,4
deal,4
past,4
add,4
almost,4
wan,4
Lol,4
pitchy,4
nothing,4
lot,4
oh,4
professional,4
hold,4
quite,4
national,4
freak,4
truly,4
low,4
complete,4
wonderful,4
Really,4
maybe,4
rendition,4
album,4
real,3
god,3
type,3
Yes,3
throughout,3
Bad,3
decide,3
patriotic,3
Finally,3
bring,3
surprise,3
learn,3
proud,3
Man,3
lady,3
OMG,3
Hunter,3
producer,3
hair,3
future,3
speak,3
buy,3
else,3
recover,3
front,3
Omg,3
stay,3
YES,3
notice,3
fact,3
kinda,3
favorites,3
rather,3
agree,3
must,3
horrible,3
Plus,3
alot,3
level,3
â¤ï¸,3
spin,3
Song,3
title,3
soul,3
incredible,3
sorry,3
felt,3
course,3
WOW,3
fail,3
yesterday,3
popular,3
tbh,3
heard,3
Loved,3
4,3
b,3
day,3
AMERICA,3
doubt,3
whatever,3
improve,3
away,3
American,3
Ray,3
piss,3
exactly,3
begin,3
artists,3
versatility,3
week,3
Smart,3
outfit,3
cool,3
Top,3
didnt,3
showcase,3
interpretation,3
--,3
Instead,3
special,3
badly,3
im,3
Something,3
soon,3
Underwood,3
laugh,3
WOAH,3
enjoy,3
ability,3
least,3
potential,3
read,3
People,3
open,3
confidence,3
force,3
hot,3
lagu,3
smh,3
alone,3
â¤,3
ROBBED,3
VOICE,2
aside,2
point,2
Awful,2
fav,2
nation,2
Also,2
comfortable,2
STEFANI,2
decision,2
set,2
Charles,2
GO,2
character,2
act,2
Wonderful,2
likely,2
fantastic,2
odd,2
everything,2
rid,2
around,2
fine,2
twice,2
among,2
damn,2
smart,2
thru,2
Regardless,2
match,2
zone,2
mad,2
better,2
BLAME,2
Hoping,2
Americans,2
support,2
release,2
ridiculous,2
absolutely,2
Remember,2
emotional,2
blue,2
stuff,2
deep,2
af,2
HOT,2
tho,2
ppl,2
wanted,2
hahaha,2
Keep,2
May,2
performances,2
idea,2
thousand,2
vibe,2
ya,2
usually,2
okay,2
Generic,2
Praying,2
crazy,2
Thank,2
annoy,2
comment,2
frank,2
base,2
fix,2
together,2
apart,2
anyway,2
Outstanding,2
Smoke,2
Elvis,2
preferred,2
majority,2
wo,2
thought,2
tried,2
JB,2
ive,2
WTF,2
pride,2
performs,2
Ok,2
record,2
cheesy,2
command,2
face,2
long,2
soooo,2
Truly,2
Miranda,2
quality,2
plan,2
dress,2
kau,2
crowd,2
american,2
woman,2
complain,2
Sorry,2
ğŸ˜­,2
reach,2
natural,2
line,2
Incredible,2
dark,2
upset,2
PERFECT,2
name,2
ur,2
fave,2
bash,2
lane,2
1,2
career,2
listening,2
idk,2
twitter,2
intense,2
PLEASE,2
white,2
rest,2
Lmao,2
clothes,2
funner,2
iconic,2
incredibly,2
less,2
ahead,2
Even,2
video,2
Soooo,2
Honestly,2
balance,2
probably,2
camera,2
male,2
U,2
definitely,2
help,2
phenomenal,2
matter,2
voter,2
able,2
confused,2
hat,2
Horrible,2
SONG,2
behind,2
claim,2
slay,2
EVER,2
saw,2
soft,2
relax,2
nooo,2
finale,2
Bro,2
robbed,2
quick,2
dt,2
judge,2
AMAZING,2
modern,2
Please,2
Nothing,2
omg,2
lah,2
que,2
meh,2
2,2
Male,2
Wait,2
improv,2
slow,2
â€,2
Morrissey,2
war,2
willing,2
appreciate,2
lower,2
Isaiah,2
raise,2
ğŸ˜ğŸ˜ğŸ˜,2
write,2
manage,2
pass,2
bounce,2
confuse,2
mike,2
4th,2
Dean,2
â€˜,2
Ben,2
impromptu,2
pray,2
authentic,2
TeamWILKES,2
Much,2
knockout,2
number,2
GWEN,2
happy,2
negative,2
luck,2
industry,2
Well,2
channel,2
Ca,2
SING,2
mess,2
message,2
key,2
're,2
COMEBACK,2
Never,2
Creep,2
push,2
Shelton,2
ğŸ‘,2
Kinda,2
yes,2
extremely,2
order,2
weak,2
disappointment,2
Let,2
church,2
WIN,2
Job,2
July,2
Come,2
GOD,2
shouldnt,2
overseas,2
charisma,2
tune,2
Mark,2
1:39,2
idol,2
Stay,2
comfort,2
follow,2
build,2
YouTube,2
NEED,2
similar,2
preformance,2
First,2
ğŸ˜ª,2
care,2
might,2
go..,2
everytime,2
recording,2
However,2
National,2
accident,2
Okay,2
control,2
um,2
IM,2
Way,2
issue,2
Nicely,2
haunt,2
Nice,2
ot,2
step,2
excited,2
golden,2
contemporary,1
screw,1
shaking,1
tv,1
0.27,1
Kok,1
bem,1
ğŸ‘ğŸ‘ğŸ‘ğŸ‘,1
intentionally,1
ears,1
own,1
Row,1
ğŸµğŸ’œğŸ‘â—â—â—â—â—â—,1
aware,1
equipment,1
Shocked,1
niche,1
Raff,1
Frankly,1
thong,1
Shinedown,1
mature,1
Versatile,1
stag,1
represent,1
Ultimately,1
ğŸ˜ ,1
consistency,1
beat,1
perfection,1
vodka,1
nbc,1
lain2,1
prefer,1
Maybe,1
rig,1
",ğŸ˜¢ğŸ˜¢",1
surely,1
Hmm,1
ğŸ’œ,1
download,1
degrade,1
noooooo,1
originality,1
cuz,1
Cole,1
store,1
11,1
Nashville,1
flat,1
snatch,1
peace,1
Christian,1
ASAP,1
ğŸŒŸğŸŒŸğŸŒŸğŸŒŸğŸŒŸâ˜®ğŸ’–â˜ğŸ˜‰ğŸ’•ğŸ¬,1
fit,1
ğŸ™ğŸ™ğŸ™,1
bear,1
1000,1
Rejoice,1
gwen,1
screamed,1
Sincerely,1
slept,1
JESUS,1
permonances,1
hotdog,1
reaction,1
King,1
sell,1
Refreshing,1
Adam,1
Finale,1
adaptation,1
awaken,1
Fergie,1
Yasssssss,1
paycheck,1
Success,1
height,1
OH,1
throughğŸ˜­,1
choosen,1
Columbia,1
Radiohead,1
WINNER,1
Candice,1
religons,1
included,1
NOHOMO,1
cantar,1
ğŸ‘ğŸ»,1
experience,1
Yawn,1
wet,1
short,1
diamond,1
option,1
fallin,1
DAYUM,1
monkey,1
misspelled,1
..both,1
Natural,1
pÃ©sima,1
business,1
awesome.âœŒğŸ¤ğŸ¶ğŸ¼ğŸµâ¤ğŸ‘â˜º,1
crush,1
GIGANTIC,1
squat,1
Back,1
loose,1
select,1
spotlight,1
vivo,1
resort,1
bruh,1
clean,1
Phenomenal,1
swag,1
launch,1
Lucky,1
position,1
Kisha,1
inspirational,1
Sometimes,1
Memorable,1
WTHeck,1
daily,1
Crosby,1
twang,1
bud,1
dang,1
Excellent,1
awkward,1
this.May,1
cross,1
pls,1
wowwwwwed,1
SpenshaBaker,1
Champlin,1
poor,1
BOP,1
demand,1
insane,1
belt,1
Salah,1
unpredictable,1
verbalization,1
followed,1
Begitu,1
genuinely,1
LOSE,1
few,1
SUIT,1
avenge,1
tear,1
seize,1
school,1
sleep,1
ROOTING,1
rocker,1
quiet,1
cousin,1
da,1
ALSO,1
ğŸ‘ğŸ¼,1
PREFORMED,1
NA,1
impersonation,1
A.M.E.R.I.C.A,1
recovery,1
pseudo,1
Definitely,1
Definetly,1
News,1
FIRST,1
ğŸ™Š,1
executive,1
buss,1
dumb,1
Pop..anything,1
beginning,1
stick,1
and/or,1
YAY,1
professionalism,1
Courageous,1
sandwich,1
Wooow,1
t12,1
Especially,1
fanbase,1
Social,1
gl,1
underrate,1
clearly,1
obscure,1
wouldve,1
suck,1
BOM,1
goodâ¤,1
MEAN,1
Juro,1
folk,1
single,1
Thanks,1
bang,1
Tuesday,1
knock,1
wannabe,1
uplifting,1
Killed,1
lovedâ¤â¤â¤,1
Keisha,1
huh,1
freakin,1
served,1
intend,1
imagine,1
Cuz,1
Theory,1
16,1
honey,1
IMO,1
choice.He,1
tat,1
billion,1
protect,1
terrorist,1
greatly,1
Extremely,1
crack,1
miserably,1
QUOTES,1
.but,1
personally,1
desperate,1
satisfied,1
Issa,1
smoothness,1
GARY,1
Sings,1
impressed,1
full,1
Abilities,1
Bo,1
actin,1
Standouts,1
Weak,1
definite,1
Matt,1
assistindo,1
singers..and,1
choir,1
aqui,1
pissed,1
woah,1
PRYOR,1
microfone,1
impersonator,1
rise,1
monday,1
fault,1
wine,1
Men,1
compare,1
pressure,1
ğŸ’¯,1
pun,1
suspenshful,1
croon,1
musician,1
commenters,1
Looks,1
Im,1
Still,1
wont,1
finally,1
â˜ºâ˜ºâ˜º,1
perhaps,1
Disappointing,1
certain,1
Woah,1
omething,1
explain,1
lo,1
perfomance,1
unfortunately,1
likable,1
generation,1
boring,1
gak,1
Whereas,1
added,1
apagar,1
WOWOWOW,1
spot,1
OML,1
theatrical,1
tutelage,1
dance,1
opportunity,1
track,1
Idk,1
uploaded,1
Bayern,1
EVEN,1
Seems,1
Bellamy,1
atleast,1
jfc,1
Sara,1
Character,1
integrity,1
Saving,1
boy,1
Ahhh,1
menu,1
accessible,1
awful,1
Stupid,1
.he,1
Try,1
Sugarland,1
naw,1
mics,1
arghhh,1
spirit,1
evil,1
embrace,1
bummer,1
Nem,1
limitless,1
king,1
Spensa,1
crooner,1
pigeonholed,1
window,1
pasti,1
Surprising,1
land,1
arctic,1
ENCOURAGING,1
FantÃ¡stico,1
offs,1
âœŒğŸ»âœŒğŸ»âœŒğŸ»,1
presentation,1
kudos,1
omgggg,1
thank,1
four,1
precious,1
RETWEETS,1
guarantee,1
SPOT,1
pas,1
door,1
outlook,1
superb,1
ELIMINATED,1
Read,1
ğŸ‘‡ğŸ‘‡ğŸ‘‡ğŸ‘‡,1
west,1
White,1
Somewhere,1
excite,1
disaster,1
laptop,1
House,1
teamblake,1
L9,1
2ND,1
Freakn,1
horse,1
pointğŸ’Ÿ,1
goodğŸ‘Œ,1
Aside,1
hating,1
gold,1
THANK,1
evolve,1
three,1
celebrate,1
ğŸ˜±,1
Gary..i,1
curse,1
ğŸ”¥,1
Boyz,1
amazement,1
gawd,1
contender,1
peculiar,1
kiss,1
1:16,1
way.ğŸ¤,1
https,1
James,1
USA,1
forgive,1
total,1
Robert,1
forgettable,1
Luv,1
chair,1
dunno,1
ffking,1
naturally,1
stylist,1
originally,1
thats,1
lyric,1
empty,1
individual,1
head,1
decepcion,1
humanity,1
ground,1
voting,1
Ik,1
ğŸ˜¡ğŸ˜¡ğŸ˜¡,1
Martin,1
shooting,1
ke,1
Kelly,1
soooooo,1
ANTI,1
unfortunate,1
tough,1
miraculously,1
intimacy,1
ECT,1
ğŸ˜¢,1
magnificent,1
cut,1
TALK,1
VOTE,1
especially,1
ğŸ‘,1
Break,1
entirely,1
SOOOO,1
excise,1
choke,1
excellent,1
Nirvana,1
ğŸ˜€,1
Greatness,1
se,1
tired,1
overrate,1
Granted,1
overall,1
Jackie,1
ounce,1
hop,1
perfectlyâ€‹,1
impressing,1
several,1
destroy,1
Riff,1
shes,1
brave,1
Hell,1
credit,1
display,1
interpretaciÃ³n,1
suggest,1
tasty,1
enunciates,1
program,1
Ooooh,1
permanently,1
karaoke,1
secret,1
pilih..,1
Games,1
mistake..ğŸ˜–,1
floral,1
ear,1
crap,1
episode,1
.get,1
wtg,1
road,1
heck,1
.she,1
fidget,1
Dez,1
underrated,1
Plake,1
dreadful,1
scene,1
along,1
hesitant/unsure,1
today,1
rip,1
Boring,1
personal,1
Thursday,1
liked,1
round..,1
blind,1
climb,1
navy,1
AF,1
handsome,1
si,1
goal,1
two,1
ğŸ“¼âœŒğŸ¤ğŸ¶ğŸµğŸ¼â¤ğŸ‘â˜º,1
tooğŸ™ğŸ»,1
citizen,1
GOOD,1
.I,1
Someone,1
'D,1
Lang,1
nope,1
disappointing,1
CUTE,1
thier,1
Micfall,1
Sad,1
sin,1
looked,1
exposure,1
TeamWilkes,1
teamwilkes,1
.middle,1
military,1
forever,1
making,1
Bringg,1
escuche,1
technical,1
boys2men,1
simple,1
correctly,1
female,1
director,1
PERFORMANCE,1
Climb,1
sandlot,1
bomb5,1
Hard,1
tone/rasp/growl,1
NoOoOo,1
SEASON,1
High,1
HowğŸ‘aboutğŸ‘theğŸ‘turtleneck,1
ğŸ’ŸğŸ’ŸğŸ’ŸğŸ’ŸğŸ’ŸğŸ’ŸğŸ’ŸğŸ’ŸğŸ’ŸğŸ’Ÿ,1
Performance,1
transition,1
interest,1
whiney,1
Stick,1
.ğŸ’ªğŸ˜¥ğŸ˜¥ğŸ˜¥ğŸ˜ªğŸ˜ªğŸ˜ª,1
VOTING,1
Anthem,1
Sparrow,1
retweets,1
obviously,1
sinatra,1
towards,1
ultimately,1
mark,1
walk,1
Wrong,1
surprising,1
Welp,1
memory,1
rockish,1
tend,1
thinkğŸ˜,1
backup,1
GIRL,1
warmth,1
well-muscled,1
derive,1
super,1
shock,1
R.O.B.B.E.D,1
longer,1
vocalists,1
badass,1
Service,1
dopest,1
ğŸ¤£,1
often,1
show..â˜¹ï¸â˜¹ï¸,1
ğŸ’™ğŸ‘ğŸ‘â™€,1
trust,1
MOON,1
Yeah,1
wasnt,1
include,1
Sang,1
Tragic,1
uhhhh,1
Totally,1
ğŸ˜‚ğŸ˜‚ğŸ˜‚ğŸ˜‚,1
darker,1
headset,1
passionate,1
Gave,1
LOVED,1
.ğŸ˜‰,1
Hopefully,1
nationalist,1
brilliant,1
stank,1
wrong..,1
Idol,1
vintage,1
canadian,1
GOOO,1
Brasil,1
Mitchell,1
dear,1
'em,1
flowy,1
Music,1
Cant,1
lock,1
.vocal,1
million,1
legit,1
envious,1
downgrade,1
propose,1
entire,1
Bice,1
portray,1
mimick,1
II,1
downloads,1
Lmfao,1
stil,1
.To,1
AWESOME,1
date,1
relaxed,1
r,1
KNOU,1
Clarkson,1
flaw,1
slÃº,1
Darlin,1
herğŸ˜ğŸ˜ğŸ˜,1
eargasm,1
guess,1
ğŸ™„,1
Competition,1
Message,1
Banner,1
bridge,1
champlin,1
pigeonhole,1
homeğŸ˜‚ğŸ˜‚ğŸ˜‚,1
early,1
governance,1
PS,1
patriotic/religious,1
Brynn,1
â˜¹ï¸,1
bee,1
Monday,1
stadium,1
skill,1
teeter,1
dissapointing..ğŸ˜”,1
Performers,1
large,1
Woooooowwww,1
call,1
particular,1
goood,1
stoop,1
-American,1
duet,1
although,1
sometimes,1
levels..the,1
whomever,1
ray,1
experiment,1
LOT,1
grow,1
en,1
studio,1
OKAY,1
it..,1
HORRIBLE,1
Headlight,1
Auld,1
ROCKERS,1
spoil,1
flawless,1
lit,1
babe,1
ect,1
'S,1
Wilks,1
unspoken,1
death,1
swear,1
Playoffs,1
victory,1
quickly,1
completely,1
dead,1
prepared,1
grrrrr,1
Moushumi,1
Literally,1
instinct,1
questionable,1
injustice,1
GIVING,1
wilkes..,1
honk,1
shade,1
blame,1
cabe2an,1
mouth..,1
ready,1
are..,1
1:40,1
Miller,1
Suit.ğŸ™ŒğŸ”¥ğŸ¶ğŸ˜,1
lip..ğŸ¤¤ğŸ˜‚,1
co,1
Luck,1
Wildest,1
BTS,1
Taking,1
lotta,1
sick,1
rob,1
inspired,1
anyday,1
MAKE,1
seal,1
makeup,1
generic,1
limit,1
motion,1
banyak,1
PERIOD,1
putnout,1
Afraid,1
Looking,1
hun,1
singing..,1
BUBLE,1
melody,1
america,1
actual,1
song..,1
promise,1
replace,1
advantage,1
wearing,1
amirite,1
raw,1
impressive,1
therefore,1
voice..but,1
goosebump,1
rack,1
EXCELLENT,1
attempt,1
RnB,1
INCREDIBLE,1
interesting,1
emotions.He,1
Ever,1
desmayo,1
floor,1
sentence,1
Puns,1
horrendous,1
deliver,1
helt,1
somebody,1
shell,1
Nat,1
WRONG,1
Ahh,1
1:00,1
ICONIC,1
storytelling,1
yeah,1
wave,1
truth,1
artistes,1
Bieber..,1
Meh,1
wise,1
GOOOD,1
timey,1
FNALLY,1
Singing,1
piano,1
mcdonald,1
charles,1
..brilliant,1
amazed,1
Cheap,1
ma,1
saddened,1
Hurts,1
tentative,1
OK,1
malo,1
artiste,1
tangent,1
reason,1
stereotype,1
seriously,1
flow,1
eiy,1
sanatra,1
Biggest,1
revelation,1
Wishing,1
lil,1
urself,1
incorporate,1
ğŸ˜,1
changed.,1
pull,1
life,1
jesus,1
1:30,1
everywhere,1
saved,1
cram,1
pad,1
relevant,1
chest,1
background,1
this.,1
Doubt,1
dis,1
throw,1
TA,1
resonance,1
Choices,1
PICK,1
Bing,1
regret,1
pain,1
unlike,1
Joni,1
local,1
hahahhaa,1
earn,1
SUPPOSED,1
OWNED,1
beyond,1
Suck,1
lovesick,1
YASSSS,1
gift,1
amerikkka,1
interested,1
reference,1
MUITO,1
.screw,1
SINGS,1
mid-range,1
usual,1
Bravo,1
subtle,1
relationship,1
strain,1
cocky,1
velvet,1
blow,1
TODAY,1
Kelsea,1
improvement,1
send,1
troop,1
bencong,1
spectacular,1
..Lawd,1
religious,1
Audrey,1
ğŸ˜,1
reflection,1
brought,1
chanel,1
Style,1
fav.â¤â¤â¤,1
combina,1
MUST,1
anniversary,1
Yay,1
consider,1
Might,1
tickle,1
songs,1
intensity,1
addition,1
Coming,1
Sweet,1
competitor,1
Today,1
CANT,1
beauty,1
grasp,1
Excelente,1
cd,1
shake,1
â€¦,1
WilkesWasRobbed,1
43rd,1
wore,1
Although,1
Yet,1
movement,1
Y'all,1
statement,1
90,1
definately,1
hymn,1
â€“,1
Expected,1
gutsy,1
butt,1
trumpet,1
loyal,1
minute,1
leader,1
ğŸ˜‘,1
conseguiu,1
hell,1
mother,1
absolute,1
1:38,1
DONT,1
amazingly,1
lips,1
Cmon,1
fare,1
half-step,1
dum,1
Huh,1
surprisingly,1
EVERY,1
bet,1
awesome..,1
wheelhouse,1
perspective,1
technique,1
scream,1
Ps,1
celebration,1
Ugh,1
decent,1
AustinğŸ˜­ğŸ˜­ğŸ˜­ğŸ˜­,1
itğŸ™,1
lay,1
Ooooweeee,1
EYE,1
entirety,1
dislike,1
friend,1
chill,1
Eye,1
instrument,1
Classic,1
class,1
7th,1
âš ,1
FLY,1
men,1
Butchered,1
doesnt,1
ADORABLE,1
PRODUCERS,1
differently,1
cry,1
Mrs.,1
thankyou,1
Hey,1
Dreams,1
Trick,1
Jade,1
twistğŸ˜Š,1
Boyd,1
suckz,1
Sandalot,1
nah,1
tryna,1
creo,1
negativity,1
Hate,1
1st,1
concept,1
bunch,1
loosen,1
CHRISTMAS,1
WATCHING,1
smile,1
indecisive,1
remain,1
beautifully,1
Olympics,1
YOUUU,1
dope,1
positive,1
WAY,1
Black,1
Pick,1
Awkward,1
purpose,1
wear,1
bad..,1
check,1
wildcard..,1
root,1
horrid,1
Shook,1
ğŸ˜­ğŸ˜‚ğŸ˜‚ğŸ˜‚ğŸ˜‚,1
JAZZ,1
muito,1
'we,1
double,1
i-tune,1
offer,1
ROLL,1
reflex,1
shouldve,1
Beautifully,1
Vocals,1
sir,1
brotherhood,1
star,1
successful,1
traditional,1
bum,1
Poderia,1
POPULAR,1
ton,1
Ughh,1
member,1
mainstream,1
ğŸ‘Œ,1
thanks,1
changing,1
GOOOOOOOOO,1
phrase,1
Austins,1
-_-,1
Coach,1
tuesday,1
e,1
Played,1
powerful,1
Spangled,1
showman,1
cat,1
joint,1
till,1
ALBUMS,1
perfectly,1
age,1
present,1
Mexico,1
teamaustingiorgio,1
idiot,1
wild,1
Tribune,1
half,1
basically,1
sucker,1
ğŸ‘€,1
showcased,1
ai,1
ğŸ‘ğŸ‘ğŸ‘ğŸ‘ğŸ‘ğŸ‘ğŸ‘,1
forth,1
witness,1
sadğŸ˜“,1
jazzy,1
MICHAEL,1
chart,1
trip,1
shocked,1
SONGS,1
however,1
CHAIR,1
besides,1
distance,1
produce,1
STRIP,1
experienced,1
CHOICE,1
idiots,1
identity,1
vibes,1
Showed,1
http,1
battle,1
viera,1
Super,1
Jason,1
plus,1
mumble,1
ğŸ˜±ğŸ˜±Ahhh,1
Christiana,1
ğŸ˜‚ğŸ‘ğŸ¼,1
Stefani,1
GON,1
allow,1
Huge,1
hearing,1
Tonight,1
fool,1
keeper,1
masuk,1
dream,1
dan,1
blessing,1
close,1
thou,1
nerve,1
TheVoice,1
Every,1
ğŸ†,1
viewer,1
beer,1
risk,1
patriotism,1
Canada,1
xRes3K502y0tXtpa.99,1
chose,1
signature,1
BOOING,1
African,1
Umm,1
jaja,1
itthru,1
Bowl,1
GET,1
Syne,1
jeez,1
Epic,1
REALLY,1
ordinary,1
normal,1
ğŸ‘ğŸ‘ğŸ‘,1
connection,1
FINALLY,1
NIGHT,1
raspy,1
WORDS,1
State,1
intentional,1
wednesday,1
Unpopular,1
appearance,1
Duron,1
alicia,1
Anyone,1
entertaining,1
Hes,1
comp,1
ago,1
murder,1
..LOST,1
core,1
Happy,1
CHARMING,1
sabotage,1
shot,1
WILKESmusic,1
humble,1
FOINE,1
British,1
advancing,1
LOL,1
ğŸ’™,1
Early,1
disappointed,1
beg,1
treat,1
boisterous,1
unfair,1
attention,1
30minutes,1
Nuuu,1
Wtf,1
blew,1
stupid,1
niceeeee,1
tailor,1
connect,1
oppose,1
ByeğŸ˜‚ğŸ˜‚,1
LITERALLY,1
tap,1
remind,1
medium,1
rough,1
tomorrow,1
ğŸ˜˜,1
compel,1
DARLING,1
algo,1
gossip,1
Deadman..,1
definition,1
UNBELIEVABLE,1
giorgio,1
//youtu.be/pDH1MsdGqwY,1
PEOPLE,1
hipster,1
cringe,1
Aliyah,1
Africa,1
bluesy,1
//www.star2.com/entertainment/2017/10/04/the-voice-song-choices/,1
Flame,1
there'ss,1
mate,1
charm,1
ğŸ¾ğŸ¾,1
musical,1
ğŸ¤”,1
WORST,1
beggining,1
ğŸ˜‘he,1
Awesome,1
enunciate,1
Shes,1
energy,1
SAVE,1
brilho,1
tackle,1
case,1
65,1
belongs,1
creative,1
regardless,1
guitar,1
pressured,1
Evans,1
GOSTEI,1
Star,1
political,1
masterpiece,1
direction,1
blakeee,1
Grace,1
voz,1
Lambert,1
collapse,1
3rd,1
lag,1
Unfortunately,1
Calling,1
current,1
sleeve,1
Top12,1
voteeeeee,1
Often,1
shorten,1
commit,1
meet,1
Jesus,1
Championship,1
